year,month_idx,temp_anomaly,temp_absolute,month
1750,1,0.382,3.0020000000000002,Jan
1750,2,0.539,3.769,Feb
1750,3,0.574,5.904,Mar
1750,4,0.382,8.741999999999999,Apr
1750,5,,,May
1750,6,,,Jun
1750,7,,,Jul
1750,8,,,Aug
1750,9,,,Sep
1750,10,,,Oct
1750,11,,,Nov
1750,12,,,Dec
1751,1,,,Jan
1751,2,,,Feb
1751,3,,,Mar
1751,4,,,Apr
1751,5,,,May
1751,6,,,Jun
1751,7,,,Jul
1751,8,,,Aug
1751,9,-1.716,10.404,Sep
1751,10,,,Oct
1751,11,,,Nov
1751,12,,,Dec
1752,1,-2.6319999999999997,-0.011999999999999567,Jan
1752,2,,,Feb
1752,3,0.8290000000000001,6.159,Mar
1752,4,-0.7829999999999999,7.577,Apr
1752,5,,,May
1752,6,,,Jun
1752,7,,,Jul
1752,8,,,Aug
1752,9,,,Sep
1752,10,-1.2890000000000001,7.971,Oct
1752,11,0.742,6.862,Nov
1752,12,0.32299999999999995,3.993,Dec
1753,1,-1.1079999999999999,1.5120000000000002,Jan
1753,2,-1.652,1.578,Feb
1753,3,1.02,6.35,Mar
1753,4,-0.557,7.802999999999999,Apr
1753,5,0.39899999999999997,11.768999999999998,May
1753,6,1.043,14.572999999999999,Jun
1753,7,0.7240000000000001,15.134,Jul
1753,8,-0.3,13.629999999999999,Aug
1753,9,0.5720000000000001,12.692,Sep
1753,10,-0.302,8.958,Oct
1753,11,-1.17,4.95,Nov
1753,12,-3.5839999999999996,0.0860000000000003,Dec
1754,1,-1.24,1.3800000000000001,Jan
1754,2,-3.554,-0.32399999999999984,Feb
1754,3,-1.078,4.252,Mar
1754,4,2.7939999999999996,11.154,Apr
1754,5,0.501,11.870999999999999,May
1754,6,0.8270000000000001,14.357,Jun
1754,7,0.16,14.57,Jul
1754,8,-0.755,13.174999999999999,Aug
1754,9,-1.3090000000000002,10.811,Sep
1754,10,0.491,9.751,Oct
1754,11,-0.0,6.12,Nov
1754,12,0.11199999999999999,3.782,Dec
1755,1,-1.837,0.7830000000000001,Jan
1755,2,-2.499,0.7309999999999999,Feb
1755,3,-1.058,4.272,Mar
1755,4,0.583,8.943,Apr
1755,5,1.0190000000000001,12.389,May
1755,6,1.676,15.206,Jun
1755,7,0.022000000000000002,14.432,Jul
1755,8,-1.2309999999999999,12.699,Aug
1755,9,-0.877,11.242999999999999,Sep
1755,10,0.596,9.856,Oct
1755,11,-0.47200000000000003,5.648,Nov
1755,12,-2.136,1.5339999999999998,Dec
1756,1,0.9790000000000001,3.599,Jan
1756,2,2.9410000000000003,6.171,Feb
1756,3,-0.46399999999999997,4.866,Mar
1756,4,1.371,9.731,Apr
1756,5,2.24,13.61,May
1756,6,1.122,14.652,Jun
1756,7,-0.555,13.855,Jul
1756,8,-1.264,12.666,Aug
1756,9,-0.040999999999999995,12.078999999999999,Sep
1756,10,-1.8159999999999998,7.444,Oct
1756,11,-2.237,3.883,Nov
1756,12,-2.83,0.8399999999999999,Dec
1757,1,-2.987,-0.367,Jan
1757,2,1.0,4.23,Feb
1757,3,-0.22,5.11,Mar
1757,4,-0.19399999999999998,8.165999999999999,Apr
1757,5,1.183,12.552999999999999,May
1757,6,3.47,17.0,Jun
1757,7,3.083,17.493000000000002,Jul
1757,8,2.591,16.521,Aug
1757,9,1.27,13.389999999999999,Sep
1757,10,-3.352,5.9079999999999995,Oct
1757,11,-2.227,3.8930000000000002,Nov
1757,12,-3.468,0.20199999999999996,Dec
1758,1,-4.666,-2.0460000000000003,Jan
1758,2,-1.825,1.405,Feb
1758,3,-0.93,4.4,Mar
1758,4,-1.3419999999999999,7.018,Apr
1758,5,-1.8330000000000002,9.536999999999999,May
1758,6,-0.258,13.271999999999998,Jun
1758,7,-0.907,13.503,Jul
1758,8,-2.735,11.195,Aug
1758,9,-2.501,9.619,Sep
1758,10,-6.885,2.375,Oct
1758,11,-0.405,5.715,Nov
1758,12,-1.4069999999999998,2.263,Dec
1759,1,1.6880000000000002,4.308,Jan
1759,2,1.047,4.277,Feb
1759,3,-0.49200000000000005,4.838,Mar
1759,4,-2.241,6.119,Apr
1759,5,-1.4069999999999998,9.963,May
1759,6,-0.262,13.267999999999999,Jun
1759,7,-1.776,12.634,Jul
1759,8,0.006,13.936,Aug
1759,9,-0.092,12.027999999999999,Sep
1759,10,-1.1340000000000001,8.126,Oct
1759,11,-2.4459999999999997,3.6740000000000004,Nov
1759,12,-4.364,-0.694,Dec
1760,1,-3.5869999999999997,-0.9669999999999996,Jan
1760,2,-0.7440000000000001,2.4859999999999998,Feb
1760,3,-2.8689999999999998,2.4610000000000003,Mar
1760,4,-0.863,7.497,Apr
1760,5,-1.1320000000000001,10.238,May
1760,6,-1.837,11.693,Jun
1760,7,-1.306,13.104,Jul
1760,8,-0.222,13.708,Aug
1760,9,-0.7559999999999999,11.363999999999999,Sep
1760,10,-2.234,7.026,Oct
1760,11,-1.449,4.671,Nov
1760,12,-2.0380000000000003,1.6319999999999997,Dec
1761,1,-2.822,-0.20199999999999996,Jan
1761,2,-0.284,2.946,Feb
1761,3,0.968,6.298,Mar
1761,4,-1.59,6.77,Apr
1761,5,1.685,13.055,May
1761,6,3.4210000000000003,16.951,Jun
1761,7,4.735,19.145,Jul
1761,8,0.951,14.881,Aug
1761,9,-0.20800000000000002,11.911999999999999,Sep
1761,10,-1.551,7.709,Oct
1761,11,-1.841,4.279,Nov
1761,12,-5.124,-1.4539999999999997,Dec
1762,1,3.24,5.86,Jan
1762,2,1.14,4.37,Feb
1762,3,-1.5330000000000001,3.7969999999999997,Mar
1762,4,0.489,8.849,Apr
1762,5,-0.745,10.625,May
1762,6,0.518,14.048,Jun
1762,7,0.532,14.942,Jul
1762,8,-0.6509999999999999,13.279,Aug
1762,9,-1.891,10.229,Sep
1762,10,-3.0839999999999996,6.176,Oct
1762,11,-0.059000000000000004,6.061,Nov
1762,12,-1.499,2.171,Dec
1763,1,-1.857,0.7630000000000001,Jan
1763,2,-2.073,1.157,Feb
1763,3,-3.298,2.032,Mar
1763,4,-0.856,7.504,Apr
1763,5,-0.948,10.421999999999999,May
1763,6,-1.12,12.41,Jun
1763,7,2.129,16.539,Jul
1763,8,-0.235,13.695,Aug
1763,9,-1.219,10.901,Sep
1763,10,-3.514,5.746,Oct
1763,11,-2.1519999999999997,3.9680000000000004,Nov
1763,12,-0.601,3.069,Dec
1764,1,-0.893,1.727,Jan
1764,2,2.345,5.575,Feb
1764,3,0.067,5.397,Mar
1764,4,-0.977,7.382999999999999,Apr
1764,5,-0.8240000000000001,10.546,May
1764,6,-1.6880000000000002,11.841999999999999,Jun
1764,7,-1.767,12.643,Jul
1764,8,-1.238,12.692,Aug
1764,9,-1.068,11.052,Sep
1764,10,0.7190000000000001,9.979,Oct
1764,11,0.149,6.269,Nov
1764,12,2.126,5.795999999999999,Dec
1765,1,1.053,3.673,Jan
1765,2,0.031,3.261,Feb
1765,3,1.169,6.4990000000000006,Mar
1765,4,0.777,9.136999999999999,Apr
1765,5,-0.345,11.024999999999999,May
1765,6,-2.263,11.267,Jun
1765,7,-0.8170000000000001,13.593,Jul
1765,8,-0.654,13.276,Aug
1765,9,-0.813,11.306999999999999,Sep
1765,10,-1.244,8.016,Oct
1765,11,0.198,6.3180000000000005,Nov
1765,12,-0.631,3.0389999999999997,Dec
1766,1,-3.228,-0.6080000000000001,Jan
1766,2,0.853,4.083,Feb
1766,3,0.332,5.662,Mar
1766,4,0.021,8.381,Apr
1766,5,0.033,11.402999999999999,May
1766,6,0.46299999999999997,13.992999999999999,Jun
1766,7,-0.8140000000000001,13.596,Jul
1766,8,0.175,14.105,Aug
1766,9,0.495,12.614999999999998,Sep
1766,10,-0.748,8.512,Oct
1766,11,1.885,8.005,Nov
1766,12,-0.9009999999999999,2.769,Dec
1767,1,-2.971,-0.351,Jan
1767,2,-0.353,2.877,Feb
1767,3,1.0659999999999998,6.396,Mar
1767,4,-1.739,6.6209999999999996,Apr
1767,5,-0.9129999999999999,10.456999999999999,May
1767,6,0.848,14.378,Jun
1767,7,-0.8170000000000001,13.593,Jul
1767,8,1.01,14.94,Aug
1767,9,-0.11900000000000001,12.001,Sep
1767,10,-0.24600000000000002,9.014,Oct
1767,11,2.029,8.149000000000001,Nov
1767,12,-1.774,1.896,Dec
1768,1,-4.2410000000000005,-1.6210000000000004,Jan
1768,2,-2.9339999999999997,0.29600000000000026,Feb
1768,3,-3.3160000000000003,2.014,Mar
1768,4,-1.4,6.959999999999999,Apr
1768,5,-1.93,9.44,May
1768,6,-1.067,12.463,Jun
1768,7,-0.544,13.866,Jul
1768,8,-1.081,12.849,Aug
1768,9,-1.041,11.078999999999999,Sep
1768,10,-1.579,7.681,Oct
1768,11,-1.17,4.95,Nov
1768,12,-0.585,3.085,Dec
1769,1,-0.266,2.354,Jan
1769,2,-1.1340000000000001,2.096,Feb
1769,3,-0.845,4.485,Mar
1769,4,0.784,9.144,Apr
1769,5,1.6340000000000001,13.004,May
1769,6,1.81,15.34,Jun
1769,7,0.205,14.615,Jul
1769,8,-0.076,13.854,Aug
1769,9,-0.5870000000000001,11.533,Sep
1769,10,-3.9589999999999996,5.301,Oct
1769,11,-2.75,3.37,Nov
1769,12,-3.333,0.33699999999999974,Dec
1770,1,-0.718,1.9020000000000001,Jan
1770,2,0.5670000000000001,3.797,Feb
1770,3,-4.18,1.1500000000000004,Mar
1770,4,1.236,9.596,Apr
1770,5,-0.9440000000000001,10.425999999999998,May
1770,6,-1.055,12.475,Jun
1770,7,-2.544,11.866,Jul
1770,8,-1.8359999999999999,12.094,Aug
1770,9,-0.929,11.190999999999999,Sep
1770,10,-0.629,8.631,Oct
1770,11,-0.141,5.979,Nov
1770,12,0.648,4.318,Dec
1771,1,2.2969999999999997,4.917,Jan
1771,2,-3.6310000000000002,-0.40100000000000025,Feb
1771,3,-2.33,3.0,Mar
1771,4,-2.3280000000000003,6.031999999999999,Apr
1771,5,-1.525,9.844999999999999,May
1771,6,0.8290000000000001,14.359,Jun
1771,7,-0.413,13.997,Jul
1771,8,0.7909999999999999,14.721,Aug
1771,9,-0.3,11.819999999999999,Sep
1771,10,0.8540000000000001,10.114,Oct
1771,11,-0.621,5.4990000000000006,Nov
1771,12,-0.222,3.448,Dec
1772,1,-1.4140000000000001,1.206,Jan
1772,2,-2.2359999999999998,0.9940000000000002,Feb
1772,3,-2.315,3.015,Mar
1772,4,0.94,9.299999999999999,Apr
1772,5,-1.433,9.937,May
1772,6,-0.563,12.966999999999999,Jun
1772,7,0.503,14.913,Jul
1772,8,0.5720000000000001,14.501999999999999,Aug
1772,9,-1.3259999999999998,10.793999999999999,Sep
1772,10,0.39,9.65,Oct
1772,11,2.165,8.285,Nov
1772,12,2.563,6.2330000000000005,Dec
1773,1,-2.967,-0.347,Jan
1773,2,-1.891,1.339,Feb
1773,3,-0.924,4.406,Mar
1773,4,1.25,9.61,Apr
1773,5,1.4069999999999998,12.777,May
1773,6,-0.619,12.911,Jun
1773,7,-0.065,14.345,Jul
1773,8,-0.225,13.705,Aug
1773,9,0.562,12.681999999999999,Sep
1773,10,0.024,9.283999999999999,Oct
1773,11,-1.992,4.128,Nov
1773,12,1.5819999999999999,5.252,Dec
1774,1,-3.35,-0.73,Jan
1774,2,0.684,3.914,Feb
1774,3,-0.27399999999999997,5.056,Mar
1774,4,2.0580000000000003,10.418,Apr
1774,5,4.762,16.131999999999998,May
1774,6,1.4880000000000002,15.017999999999999,Jun
1774,7,1.913,16.323,Jul
1774,8,0.42700000000000005,14.357,Aug
1774,9,-1.006,11.113999999999999,Sep
1774,10,-0.763,8.497,Oct
1774,11,-2.653,3.467,Nov
1774,12,-2.92,0.75,Dec
1775,1,1.57,4.19,Jan
1775,2,2.762,5.992,Feb
1775,3,2.209,7.539,Mar
1775,4,-0.27699999999999997,8.083,Apr
1775,5,0.152,11.521999999999998,May
1775,6,-1.162,12.367999999999999,Jun
1775,7,0.342,14.752,Jul
1775,8,0.66,14.59,Aug
1775,9,-0.905,11.215,Sep
1775,10,0.8490000000000001,10.109,Oct
1775,11,2.325,8.445,Nov
1775,12,-1.6840000000000002,1.9859999999999998,Dec
1776,1,-3.384,-0.7639999999999998,Jan
1776,2,0.802,4.032,Feb
1776,3,-1.08,4.25,Mar
1776,4,-0.823,7.536999999999999,Apr
1776,5,-1.022,10.347999999999999,May
1776,6,1.04,14.57,Jun
1776,7,-0.284,14.126,Jul
1776,8,1.099,15.029,Aug
1776,9,-1.396,10.724,Sep
1776,10,-1.317,7.943,Oct
1776,11,-0.33799999999999997,5.782,Nov
1776,12,1.222,4.8919999999999995,Dec
1777,1,3.208,5.828,Jan
1777,2,0.8220000000000001,4.052,Feb
1777,3,-0.408,4.922,Mar
1777,4,-2.142,6.218,Apr
1777,5,0.106,11.475999999999999,May
1777,6,-1.367,12.163,Jun
1777,7,-1.6280000000000001,12.782,Jul
1777,8,-1.113,12.817,Aug
1777,9,-0.835,11.285,Sep
1777,10,-2.57,6.6899999999999995,Oct
1777,11,-0.662,5.458,Nov
1777,12,-0.5529999999999999,3.117,Dec
1778,1,-0.45,2.17,Jan
1778,2,2.125,5.355,Feb
1778,3,-1.595,3.7350000000000003,Mar
1778,4,2.379,10.738999999999999,Apr
1778,5,0.073,11.443,May
1778,6,-2.0269999999999997,11.503,Jun
1778,7,0.141,14.551,Jul
1778,8,-0.991,12.939,Aug
1778,9,1.084,13.203999999999999,Sep
1778,10,-1.611,7.649,Oct
1778,11,-2.273,3.847,Nov
1778,12,-1.632,2.0380000000000003,Dec
1779,1,-1.936,0.6840000000000002,Jan
1779,2,1.018,4.248,Feb
1779,3,0.996,6.3260000000000005,Mar
1779,4,1.454,9.814,Apr
1779,5,2.682,14.052,May
1779,6,-1.162,12.367999999999999,Jun
1779,7,-1.102,13.308,Jul
1779,8,-0.401,13.529,Aug
1779,9,0.34299999999999997,12.463,Sep
1779,10,-0.27399999999999997,8.986,Oct
1779,11,-0.385,5.735,Nov
1779,12,-1.357,2.3129999999999997,Dec
1780,1,-0.727,1.8930000000000002,Jan
1780,2,0.337,3.567,Feb
1780,3,0.065,5.3950000000000005,Mar
1780,4,5.221,13.581,Apr
1780,5,4.296,15.666,May
1780,6,1.252,14.782,Jun
1780,7,1.5530000000000002,15.963000000000001,Jul
1780,8,-1.151,12.779,Aug
1780,9,-3.218,8.902,Sep
1780,10,-0.10300000000000001,9.157,Oct
1780,11,0.601,6.721,Nov
1780,12,-1.4240000000000002,2.2459999999999996,Dec
1781,1,-0.14800000000000002,2.472,Jan
1781,2,-1.067,2.1630000000000003,Feb
1781,3,-0.508,4.822,Mar
1781,4,-1.534,6.826,Apr
1781,5,-0.011000000000000001,11.359,May
1781,6,-1.207,12.322999999999999,Jun
1781,7,0.198,14.608,Jul
1781,8,0.397,14.327,Aug
1781,9,-1.75,10.37,Sep
1781,10,-0.652,8.608,Oct
1781,11,1.4769999999999999,7.5969999999999995,Nov
1781,12,-0.336,3.334,Dec
1782,1,-2.148,0.472,Jan
1782,2,-2.852,0.3780000000000001,Feb
1782,3,-2.761,2.569,Mar
1782,4,0.268,8.628,Apr
1782,5,-0.34299999999999997,11.027,May
1782,6,0.379,13.908999999999999,Jun
1782,7,-0.43700000000000006,13.973,Jul
1782,8,1.5759999999999998,15.506,Aug
1782,9,0.222,12.341999999999999,Sep
1782,10,-0.10300000000000001,9.157,Oct
1782,11,-0.966,5.154,Nov
1782,12,-2.287,1.383,Dec
1783,1,-3.903,-1.283,Jan
1783,2,2.155,5.385,Feb
1783,3,-0.6659999999999999,4.664,Mar
1783,4,-0.012,8.347999999999999,Apr
1783,5,1.026,12.395999999999999,May
1783,6,1.186,14.716,Jun
1783,7,-1.655,12.755,Jul
1783,8,-0.067,13.863,Aug
1783,9,-2.015,10.104999999999999,Sep
1783,10,-1.9069999999999998,7.353,Oct
1783,11,-3.812,2.3080000000000003,Nov
1783,12,-1.319,2.351,Dec
1784,1,0.166,2.786,Jan
1784,2,-2.278,0.952,Feb
1784,3,-1.531,3.7990000000000004,Mar
1784,4,-0.263,8.097,Apr
1784,5,-0.978,10.392,May
1784,6,-0.45299999999999996,13.077,Jun
1784,7,0.562,14.972,Jul
1784,8,2.14,16.07,Aug
1784,9,-1.246,10.873999999999999,Sep
1784,10,-2.002,7.258,Oct
1784,11,-0.632,5.488,Nov
1784,12,-1.067,2.6029999999999998,Dec
1785,1,-1.285,1.3350000000000002,Jan
1785,2,-1.621,1.609,Feb
1785,3,-4.367,0.9630000000000001,Mar
1785,4,-1.2329999999999999,7.127,Apr
1785,5,-1.011,10.359,May
1785,6,1.095,14.625,Jun
1785,7,0.289,14.699,Jul
1785,8,0.569,14.498999999999999,Aug
1785,9,-1.734,10.386,Sep
1785,10,-2.286,6.974,Oct
1785,11,0.10800000000000001,6.228,Nov
1785,12,-1.735,1.9349999999999998,Dec
1786,1,-2.3209999999999997,0.2990000000000004,Jan
1786,2,-0.6409999999999999,2.589,Feb
1786,3,0.395,5.725,Mar
1786,4,0.47700000000000004,8.837,Apr
1786,5,0.16,11.53,May
1786,6,0.031,13.561,Jun
1786,7,1.037,15.447,Jul
1786,8,1.1540000000000001,15.084,Aug
1786,9,1.1540000000000001,13.274,Sep
1786,10,-1.432,7.827999999999999,Oct
1786,11,-2.076,4.0440000000000005,Nov
1786,12,-3.5060000000000002,0.1639999999999997,Dec
1787,1,0.705,3.325,Jan
1787,2,-1.548,1.682,Feb
1787,3,-0.337,4.993,Mar
1787,4,-0.563,7.797,Apr
1787,5,0.561,11.931,May
1787,6,1.476,15.006,Jun
1787,7,0.345,14.755,Jul
1787,8,0.348,14.278,Aug
1787,9,-1.764,10.356,Sep
1787,10,-1.587,7.673,Oct
1787,11,-0.391,5.729,Nov
1787,12,-2.037,1.633,Dec
1788,1,-1.643,0.9770000000000001,Jan
1788,2,0.107,3.337,Feb
1788,3,-0.214,5.116,Mar
1788,4,0.36700000000000005,8.727,Apr
1788,5,-0.5670000000000001,10.802999999999999,May
1788,6,0.887,14.417,Jun
1788,7,2.4130000000000003,16.823,Jul
1788,8,0.24100000000000002,14.171,Aug
1788,9,-0.05,12.069999999999999,Sep
1788,10,0.251,9.511,Oct
1788,11,0.057999999999999996,6.178,Nov
1788,12,-5.2010000000000005,-1.5310000000000006,Dec
1789,1,0.45799999999999996,3.0780000000000003,Jan
1789,2,-1.72,1.51,Feb
1789,3,-2.306,3.024,Mar
1789,4,-0.6890000000000001,7.670999999999999,Apr
1789,5,1.113,12.482999999999999,May
1789,6,0.363,13.892999999999999,Jun
1789,7,2.063,16.473,Jul
1789,8,0.87,14.799999999999999,Aug
1789,9,0.149,12.268999999999998,Sep
1789,10,-2.146,7.114,Oct
1789,11,-0.272,5.848,Nov
1789,12,0.17600000000000002,3.846,Dec
1790,1,-0.365,2.255,Jan
1790,2,-0.525,2.705,Feb
1790,3,-0.687,4.643,Mar
1790,4,-3.261,5.098999999999999,Apr
1790,5,-0.218,11.152,May
1790,6,1.056,14.585999999999999,Jun
1790,7,-0.452,13.958,Jul
1790,8,0.172,14.102,Aug
1790,9,-0.79,11.329999999999998,Sep
1790,10,-0.036000000000000004,9.224,Oct
1790,11,-0.805,5.315,Nov
1790,12,-0.038,3.632,Dec
1791,1,1.262,3.882,Jan
1791,2,1.486,4.716,Feb
1791,3,-0.055999999999999994,5.274,Mar
1791,4,0.031,8.391,Apr
1791,5,-0.889,10.481,May
1791,6,0.461,13.991,Jun
1791,7,-0.852,13.558,Jul
1791,8,-0.209,13.721,Aug
1791,9,-1.3519999999999999,10.767999999999999,Sep
1791,10,-1.662,7.598,Oct
1791,11,0.456,6.5760000000000005,Nov
1791,12,-0.067,3.6029999999999998,Dec
1792,1,-3.48,-0.8599999999999999,Jan
1792,2,0.258,3.488,Feb
1792,3,-0.85,4.48,Mar
1792,4,-0.561,7.7989999999999995,Apr
1792,5,0.39799999999999996,11.767999999999999,May
1792,6,0.7190000000000001,14.248999999999999,Jun
1792,7,-0.061,14.349,Jul
1792,8,-1.6369999999999998,12.293,Aug
1792,9,0.557,12.677,Sep
1792,10,-1.206,8.054,Oct
1792,11,-0.7140000000000001,5.406,Nov
1792,12,-0.22899999999999998,3.441,Dec
1793,1,-1.876,0.7440000000000002,Jan
1793,2,1.149,4.379,Feb
1793,3,-0.22,5.11,Mar
1793,4,0.542,8.902,Apr
1793,5,-0.409,10.960999999999999,May
1793,6,-0.077,13.453,Jun
1793,7,-0.011000000000000001,14.399000000000001,Jul
1793,8,-0.7040000000000001,13.225999999999999,Aug
1793,9,-0.015,12.104999999999999,Sep
1793,10,-0.9520000000000001,8.308,Oct
1793,11,-0.985,5.135,Nov
1793,12,-2.611,1.0589999999999997,Dec
1794,1,1.1440000000000001,3.7640000000000002,Jan
1794,2,-0.18,3.05,Feb
1794,3,0.10400000000000001,5.434,Mar
1794,4,1.0,9.36,Apr
1794,5,1.419,12.789,May
1794,6,-0.951,12.578999999999999,Jun
1794,7,-0.9670000000000001,13.443,Jul
1794,8,0.026000000000000002,13.956,Aug
1794,9,0.31,12.43,Sep
1794,10,-0.276,8.984,Oct
1794,11,-1.1520000000000001,4.968,Nov
1794,12,-0.938,2.732,Dec
1795,1,-0.731,1.8890000000000002,Jan
1795,2,0.9890000000000001,4.219,Feb
1795,3,0.126,5.456,Mar
1795,4,0.627,8.987,Apr
1795,5,-0.066,11.303999999999998,May
1795,6,0.038,13.568,Jun
1795,7,0.14400000000000002,14.554,Jul
1795,8,-0.608,13.322,Aug
1795,9,-0.9209999999999999,11.199,Sep
1795,10,-1.399,7.861,Oct
1795,11,-0.856,5.264,Nov
1795,12,-1.234,2.436,Dec
1796,1,0.23600000000000002,2.8560000000000003,Jan
1796,2,-0.358,2.872,Feb
1796,3,-1.7380000000000002,3.5919999999999996,Mar
1796,4,-0.35700000000000004,8.003,Apr
1796,5,0.18100000000000002,11.550999999999998,May
1796,6,0.9359999999999999,14.466,Jun
1796,7,0.113,14.523,Jul
1796,8,0.997,14.927,Aug
1796,9,-0.14400000000000002,11.975999999999999,Sep
1796,10,0.003,9.263,Oct
1796,11,-0.435,5.6850000000000005,Nov
1796,12,-2.824,0.8460000000000001,Dec
1797,1,1.975,4.595000000000001,Jan
1797,2,2.175,5.404999999999999,Feb
1797,3,-1.379,3.951,Mar
1797,4,-1.7519999999999998,6.608,Apr
1797,5,-1.258,10.111999999999998,May
1797,6,0.615,14.145,Jun
1797,7,-0.306,14.104000000000001,Jul
1797,8,0.047,13.977,Aug
1797,9,0.369,12.488999999999999,Sep
1797,10,-0.271,8.988999999999999,Oct
1797,11,-1.8230000000000002,4.297,Nov
1797,12,-0.401,3.269,Dec
1798,1,0.335,2.955,Jan
1798,2,-0.42,2.81,Feb
1798,3,0.9179999999999999,6.248,Mar
1798,4,-0.122,8.238,Apr
1798,5,0.8059999999999999,12.175999999999998,May
1798,6,0.166,13.696,Jun
1798,7,1.209,15.619,Jul
1798,8,1.361,15.291,Aug
1798,9,-0.545,11.575,Sep
1798,10,-0.5479999999999999,8.712,Oct
1798,11,0.26899999999999996,6.389,Nov
1798,12,-1.3730000000000002,2.2969999999999997,Dec
1799,1,-0.434,2.186,Jan
1799,2,-2.525,0.7050000000000001,Feb
1799,3,-0.955,4.375,Mar
1799,4,1.341,9.700999999999999,Apr
1799,5,0.27699999999999997,11.646999999999998,May
1799,6,1.3,14.83,Jun
1799,7,0.987,15.397,Jul
1799,8,0.527,14.456999999999999,Aug
1799,9,0.318,12.437999999999999,Sep
1799,10,0.469,9.729,Oct
1799,11,0.321,6.441,Nov
1799,12,-1.008,2.662,Dec
1800,1,-0.293,2.327,Jan
1800,2,0.505,3.735,Feb
1800,3,-1.33,4.0,Mar
1800,4,1.411,9.770999999999999,Apr
1800,5,-0.521,10.848999999999998,May
1800,6,0.371,13.901,Jun
1800,7,-0.593,13.817,Jul
1800,8,-0.5589999999999999,13.371,Aug
1800,9,-1.663,10.456999999999999,Sep
1800,10,-0.382,8.878,Oct
1800,11,-0.767,5.353,Nov
1800,12,0.486,4.156,Dec
1801,1,0.369,2.989,Jan
1801,2,-0.778,2.452,Feb
1801,3,1.341,6.671,Mar
1801,4,-0.37,7.989999999999999,Apr
1801,5,2.072,13.442,May
1801,6,-0.5870000000000001,12.943,Jun
1801,7,0.78,15.19,Jul
1801,8,-0.8959999999999999,13.033999999999999,Aug
1801,9,-0.489,11.630999999999998,Sep
1801,10,-0.295,8.965,Oct
1801,11,-0.255,5.865,Nov
1801,12,0.617,4.287,Dec
1802,1,1.068,3.688,Jan
1802,2,0.095,3.325,Feb
1802,3,0.968,6.298,Mar
1802,4,0.223,8.583,Apr
1802,5,-0.831,10.539,May
1802,6,1.179,14.709,Jun
1802,7,0.434,14.844,Jul
1802,8,0.252,14.182,Aug
1802,9,-0.376,11.744,Sep
1802,10,0.321,9.581,Oct
1802,11,-0.6679999999999999,5.452,Nov
1802,12,-0.5920000000000001,3.078,Dec
1803,1,-1.92,0.7000000000000002,Jan
1803,2,-1.45,1.78,Feb
1803,3,-0.688,4.642,Mar
1803,4,1.053,9.413,Apr
1803,5,0.529,11.899,May
1803,6,0.542,14.072,Jun
1803,7,0.935,15.345,Jul
1803,8,1.4869999999999999,15.417,Aug
1803,9,0.122,12.241999999999999,Sep
1803,10,-0.303,8.956999999999999,Oct
1803,11,-0.341,5.779,Nov
1803,12,-1.3019999999999998,2.3680000000000003,Dec
1804,1,-0.515,2.105,Jan
1804,2,-1.607,1.623,Feb
1804,3,-1.288,4.042,Mar
1804,4,1.584,9.943999999999999,Apr
1804,5,0.997,12.366999999999999,May
1804,6,0.636,14.165999999999999,Jun
1804,7,1.6840000000000002,16.094,Jul
1804,8,0.779,14.709,Aug
1804,9,0.425,12.545,Sep
1804,10,0.03,9.29,Oct
1804,11,1.281,7.401,Nov
1804,12,-1.345,2.325,Dec
1805,1,0.192,2.8120000000000003,Jan
1805,2,-0.769,2.461,Feb
1805,3,0.348,5.678,Mar
1805,4,-0.299,8.061,Apr
1805,5,-0.209,11.161,May
1805,6,0.828,14.357999999999999,Jun
1805,7,0.62,15.03,Jul
1805,8,1.29,15.219999999999999,Aug
1805,9,-0.306,11.814,Sep
1805,10,-1.7009999999999998,7.559,Oct
1805,11,-2.019,4.101,Nov
1805,12,0.7509999999999999,4.420999999999999,Dec
1806,1,0.535,3.1550000000000002,Jan
1806,2,-0.24100000000000002,2.989,Feb
1806,3,-0.866,4.464,Mar
1806,4,-0.1,8.26,Apr
1806,5,0.784,12.154,May
1806,6,-0.562,12.968,Jun
1806,7,-0.531,13.879,Jul
1806,8,0.474,14.404,Aug
1806,9,0.348,12.468,Sep
1806,10,-0.883,8.376999999999999,Oct
1806,11,-1.091,5.029,Nov
1806,12,0.551,4.221,Dec
1807,1,-1.7890000000000001,0.831,Jan
1807,2,0.48,3.71,Feb
1807,3,-0.42700000000000005,4.9030000000000005,Mar
1807,4,-1.639,6.720999999999999,Apr
1807,5,-1.95,9.42,May
1807,6,-0.092,13.437999999999999,Jun
1807,7,0.08800000000000001,14.498,Jul
1807,8,0.268,14.198,Aug
1807,9,0.41100000000000003,12.530999999999999,Sep
1807,10,-0.8029999999999999,8.457,Oct
1807,11,-0.126,5.994,Nov
1807,12,0.747,4.417,Dec
1808,1,1.288,3.9080000000000004,Jan
1808,2,-1.035,2.1950000000000003,Feb
1808,3,-1.959,3.371,Mar
1808,4,-1.6580000000000001,6.701999999999999,Apr
1808,5,-2.293,9.076999999999998,May
1808,6,0.255,13.785,Jun
1808,7,-0.1,14.31,Jul
1808,8,-1.3159999999999998,12.614,Aug
1808,9,0.9570000000000001,13.077,Sep
1808,10,-1.17,8.09,Oct
1808,11,-1.012,5.1080000000000005,Nov
1808,12,-3.699,-0.028999999999999915,Dec
1809,1,-4.1,-1.4799999999999995,Jan
1809,2,-2.753,0.47699999999999987,Feb
1809,3,-3.306,2.024,Mar
1809,4,-1.3840000000000001,6.975999999999999,Apr
1809,5,-2.3369999999999997,9.033,May
1809,6,0.324,13.854,Jun
1809,7,-1.492,12.918,Jul
1809,8,-1.063,12.866999999999999,Aug
1809,9,-1.401,10.719,Sep
1809,10,-0.75,8.51,Oct
1809,11,-4.5760000000000005,1.5439999999999996,Nov
1809,12,-0.9740000000000001,2.6959999999999997,Dec
1810,1,-1.7819999999999998,0.8380000000000003,Jan
1810,2,-0.335,2.895,Feb
1810,3,-0.239,5.091,Mar
1810,4,-1.3719999999999999,6.9879999999999995,Apr
1810,5,-2.424,8.946,May
1810,6,-1.411,12.119,Jun
1810,7,-2.255,12.155000000000001,Jul
1810,8,-1.6030000000000002,12.327,Aug
1810,9,-2.47,9.649999999999999,Sep
1810,10,-3.063,6.196999999999999,Oct
1810,11,-3.3569999999999998,2.7630000000000003,Nov
1810,12,-1.1840000000000002,2.4859999999999998,Dec
1811,1,-0.637,1.983,Jan
1811,2,-1.8940000000000001,1.3359999999999999,Feb
1811,3,-0.218,5.112,Mar
1811,4,-2.326,6.033999999999999,Apr
1811,5,-2.0540000000000003,9.315999999999999,May
1811,6,-0.8170000000000001,12.713,Jun
1811,7,-1.774,12.636,Jul
1811,8,-0.387,13.543,Aug
1811,9,-1.501,10.619,Sep
1811,10,-2.963,6.297,Oct
1811,11,-2.296,3.8240000000000003,Nov
1811,12,-0.07200000000000001,3.598,Dec
1812,1,-1.868,0.752,Jan
1812,2,-3.076,0.15399999999999991,Feb
1812,3,-3.695,1.6350000000000002,Mar
1812,4,-2.0140000000000002,6.345999999999999,Apr
1812,5,-1.673,9.697,May
1812,6,-1.75,11.78,Jun
1812,7,-0.102,14.308,Jul
1812,8,1.3719999999999999,15.302,Aug
1812,9,-1.9409999999999998,10.178999999999998,Sep
1812,10,-2.194,7.066,Oct
1812,11,-2.5639999999999996,3.5560000000000005,Nov
1812,12,-3.458,0.21199999999999974,Dec
1813,1,-3.989,-1.3689999999999998,Jan
1813,2,-1.3519999999999999,1.8780000000000001,Feb
1813,3,-3.3810000000000002,1.9489999999999998,Mar
1813,4,0.25,8.61,Apr
1813,5,0.988,12.357999999999999,May
1813,6,-0.4,13.129999999999999,Jun
1813,7,0.127,14.537,Jul
1813,8,-0.8690000000000001,13.061,Aug
1813,9,0.311,12.431,Sep
1813,10,-1.111,8.149,Oct
1813,11,0.9590000000000001,7.079000000000001,Nov
1813,12,-2.119,1.5509999999999997,Dec
1814,1,-2.1790000000000003,0.44099999999999984,Jan
1814,2,-1.048,2.182,Feb
1814,3,-1.819,3.511,Mar
1814,4,-1.2429999999999999,7.116999999999999,Apr
1814,5,-2.627,8.742999999999999,May
1814,6,-0.435,13.094999999999999,Jun
1814,7,-2.266,12.144,Jul
1814,8,-1.097,12.833,Aug
1814,9,-1.516,10.604,Sep
1814,10,-2.003,7.257,Oct
1814,11,0.6629999999999999,6.783,Nov
1814,12,1.905,5.575,Dec
1815,1,-0.7759999999999999,1.8440000000000003,Jan
1815,2,-0.436,2.794,Feb
1815,3,-1.655,3.675,Mar
1815,4,-1.301,7.058999999999999,Apr
1815,5,-1.6380000000000001,9.732,May
1815,6,-2.326,11.203999999999999,Jun
1815,7,0.087,14.497,Jul
1815,8,-0.679,13.251,Aug
1815,9,-1.055,11.065,Sep
1815,10,-2.241,7.019,Oct
1815,11,-2.035,4.085,Nov
1815,12,-2.562,1.108,Dec
1816,1,0.316,2.936,Jan
1816,2,-3.592,-0.3620000000000001,Feb
1816,3,-1.805,3.5250000000000004,Mar
1816,4,-1.018,7.342,Apr
1816,5,-0.66,10.709999999999999,May
1816,6,-1.6680000000000001,11.861999999999998,Jun
1816,7,-2.1830000000000003,12.227,Jul
1816,8,-1.242,12.687999999999999,Aug
1816,9,-1.8869999999999998,10.232999999999999,Sep
1816,10,-4.165,5.095,Oct
1816,11,-2.495,3.625,Nov
1816,12,-2.228,1.4419999999999997,Dec
1817,1,-1.3359999999999999,1.2840000000000003,Jan
1817,2,0.36,3.59,Feb
1817,3,-0.75,4.58,Mar
1817,4,-0.435,7.925,Apr
1817,5,-2.009,9.360999999999999,May
1817,6,-2.289,11.241,Jun
1817,7,-2.175,12.235,Jul
1817,8,-0.228,13.702,Aug
1817,9,-3.5580000000000003,8.562,Sep
1817,10,-3.489,5.771,Oct
1817,11,-1.78,4.34,Nov
1817,12,-4.05,-0.3799999999999999,Dec
1818,1,-1.3330000000000002,1.287,Jan
1818,2,-2.693,0.5369999999999999,Feb
1818,3,0.32799999999999996,5.658,Mar
1818,4,1.6030000000000002,9.963,Apr
1818,5,0.292,11.661999999999999,May
1818,6,0.816,14.346,Jun
1818,7,-0.72,13.69,Jul
1818,8,-0.616,13.314,Aug
1818,9,-1.663,10.456999999999999,Sep
1818,10,-2.78,6.48,Oct
1818,11,-0.8490000000000001,5.271,Nov
1818,12,-1.337,2.333,Dec
1819,1,-1.681,0.9390000000000001,Jan
1819,2,-1.304,1.926,Feb
1819,3,-2.827,2.503,Mar
1819,4,-1.6780000000000002,6.6819999999999995,Apr
1819,5,-1.564,9.806,May
1819,6,-0.8220000000000001,12.707999999999998,Jun
1819,7,-1.3219999999999998,13.088000000000001,Jul
1819,8,-1.1740000000000002,12.756,Aug
1819,9,-0.8440000000000001,11.276,Sep
1819,10,-0.073,9.187,Oct
1819,11,-0.963,5.157,Nov
1819,12,-2.532,1.138,Dec
1820,1,-2.349,0.2709999999999999,Jan
1820,2,-1.381,1.849,Feb
1820,3,-0.9359999999999999,4.394,Mar
1820,4,0.78,9.139999999999999,Apr
1820,5,0.174,11.543999999999999,May
1820,6,-0.29100000000000004,13.238999999999999,Jun
1820,7,-1.055,13.355,Jul
1820,8,-1.963,11.966999999999999,Aug
1820,9,-0.9159999999999999,11.203999999999999,Sep
1820,10,-1.8230000000000002,7.436999999999999,Oct
1820,11,-1.848,4.272,Nov
1820,12,-2.674,0.996,Dec
1821,1,0.494,3.114,Jan
1821,2,0.47100000000000003,3.701,Feb
1821,3,-0.025,5.305,Mar
1821,4,-0.753,7.606999999999999,Apr
1821,5,-0.053,11.316999999999998,May
1821,6,-1.058,12.472,Jun
1821,7,-1.535,12.875,Jul
1821,8,-0.9109999999999999,13.019,Aug
1821,9,-2.259,9.860999999999999,Sep
1821,10,-0.932,8.328,Oct
1821,11,-0.579,5.541,Nov
1821,12,-1.001,2.669,Dec
1822,1,0.18899999999999997,2.809,Jan
1822,2,1.2209999999999999,4.451,Feb
1822,3,2.388,7.718,Mar
1822,4,-0.266,8.094,Apr
1822,5,-0.877,10.492999999999999,May
1822,6,-0.315,13.215,Jun
1822,7,-0.242,14.168,Jul
1822,8,-0.6940000000000001,13.235999999999999,Aug
1822,9,-1.4809999999999999,10.639,Sep
1822,10,-1.4980000000000002,7.762,Oct
1822,11,-1.548,4.572,Nov
1822,12,-2.595,1.0749999999999997,Dec
1823,1,-1.122,1.498,Jan
1823,2,-1.386,1.844,Feb
1823,3,-0.41,4.92,Mar
1823,4,-0.8059999999999999,7.553999999999999,Apr
1823,5,-0.8079999999999999,10.562,May
1823,6,0.521,14.051,Jun
1823,7,-0.322,14.088000000000001,Jul
1823,8,-0.943,12.987,Aug
1823,9,-2.331,9.789,Sep
1823,10,-1.9809999999999999,7.279,Oct
1823,11,-2.033,4.087,Nov
1823,12,-1.369,2.301,Dec
1824,1,0.128,2.748,Jan
1824,2,-0.728,2.502,Feb
1824,3,-0.32799999999999996,5.002,Mar
1824,4,-0.5429999999999999,7.816999999999999,Apr
1824,5,-0.564,10.806,May
1824,6,-0.266,13.264,Jun
1824,7,0.321,14.731,Jul
1824,8,-0.516,13.414,Aug
1824,9,-0.529,11.591,Sep
1824,10,-1.135,8.125,Oct
1824,11,-0.152,5.968,Nov
1824,12,1.7530000000000001,5.423,Dec
1825,1,0.637,3.257,Jan
1825,2,-0.26899999999999996,2.961,Feb
1825,3,-0.239,5.091,Mar
1825,4,0.732,9.091999999999999,Apr
1825,5,-0.738,10.632,May
1825,6,0.27399999999999997,13.803999999999998,Jun
1825,7,-0.48,13.93,Jul
1825,8,-0.728,13.202,Aug
1825,9,-1.2670000000000001,10.853,Sep
1825,10,-1.5130000000000001,7.747,Oct
1825,11,0.305,6.425,Nov
1825,12,-0.29,3.38,Dec
1826,1,-0.604,2.016,Jan
1826,2,-2.059,1.1709999999999998,Feb
1826,3,-0.466,4.864,Mar
1826,4,-0.026000000000000002,8.334,Apr
1826,5,0.483,11.853,May
1826,6,-0.32299999999999995,13.206999999999999,Jun
1826,7,0.27399999999999997,14.684,Jul
1826,8,-0.7759999999999999,13.154,Aug
1826,9,-1.056,11.064,Sep
1826,10,-1.044,8.216,Oct
1826,11,0.353,6.473,Nov
1826,12,1.484,5.154,Dec
1827,1,1.4080000000000001,4.0280000000000005,Jan
1827,2,0.605,3.835,Feb
1827,3,0.9109999999999999,6.241,Mar
1827,4,1.143,9.503,Apr
1827,5,0.488,11.857999999999999,May
1827,6,0.044000000000000004,13.574,Jun
1827,7,0.42700000000000005,14.837,Jul
1827,8,-0.215,13.715,Aug
1827,9,-1.2790000000000001,10.841,Sep
1827,10,-0.755,8.504999999999999,Oct
1827,11,0.006,6.126,Nov
1827,12,-1.069,2.601,Dec
1828,1,-2.44,0.18000000000000016,Jan
1828,2,-1.67,1.56,Feb
1828,3,0.158,5.488,Mar
1828,4,0.31,8.67,Apr
1828,5,-0.153,11.216999999999999,May
1828,6,0.738,14.267999999999999,Jun
1828,7,0.44,14.85,Jul
1828,8,-0.218,13.712,Aug
1828,9,-2.256,9.863999999999999,Sep
1828,10,-0.647,8.613,Oct
1828,11,-0.20199999999999999,5.918,Nov
1828,12,-0.659,3.011,Dec
1829,1,-0.713,1.907,Jan
1829,2,-2.108,1.1219999999999999,Feb
1829,3,-0.812,4.518,Mar
1829,4,-0.924,7.435999999999999,Apr
1829,5,-0.016,11.354,May
1829,6,-0.6659999999999999,12.863999999999999,Jun
1829,7,-0.021,14.389,Jul
1829,8,-0.691,13.238999999999999,Aug
1829,9,-1.609,10.511,Sep
1829,10,-0.535,8.725,Oct
1829,11,-1.561,4.559,Nov
1829,12,-1.143,2.527,Dec
1830,1,0.099,2.7190000000000003,Jan
1830,2,0.9159999999999999,4.146,Feb
1830,3,-0.988,4.3420000000000005,Mar
1830,4,0.183,8.543,Apr
1830,5,-1.376,9.994,May
1830,6,-0.8,12.729999999999999,Jun
1830,7,0.5,14.91,Jul
1830,8,-0.672,13.258,Aug
1830,9,-1.901,10.219,Sep
1830,10,-1.53,7.7299999999999995,Oct
1830,11,1.656,7.776,Nov
1830,12,1.016,4.686,Dec
1831,1,-0.654,1.9660000000000002,Jan
1831,2,-1.198,2.032,Feb
1831,3,-1.099,4.231,Mar
1831,4,-1.054,7.305999999999999,Apr
1831,5,-0.626,10.744,May
1831,6,-0.5489999999999999,12.981,Jun
1831,7,-0.88,13.53,Jul
1831,8,-1.409,12.520999999999999,Aug
1831,9,-2.3280000000000003,9.791999999999998,Sep
1831,10,-1.4269999999999998,7.833,Oct
1831,11,-1.827,4.293,Nov
1831,12,-1.565,2.105,Dec
1832,1,-0.585,2.035,Jan
1832,2,-1.23,2.0,Feb
1832,3,-0.46299999999999997,4.867,Mar
1832,4,-0.47,7.89,Apr
1832,5,-0.98,10.389999999999999,May
1832,6,-0.7829999999999999,12.747,Jun
1832,7,-0.675,13.735,Jul
1832,8,-2.307,11.623,Aug
1832,9,-1.95,10.17,Sep
1832,10,-0.531,8.729,Oct
1832,11,-1.5390000000000001,4.5809999999999995,Nov
1832,12,-2.153,1.517,Dec
1833,1,0.015,2.6350000000000002,Jan
1833,2,-0.557,2.673,Feb
1833,3,-1.37,3.96,Mar
1833,4,-0.9129999999999999,7.446999999999999,Apr
1833,5,-0.971,10.399,May
1833,6,-0.797,12.732999999999999,Jun
1833,7,-0.687,13.723,Jul
1833,8,-1.006,12.924,Aug
1833,9,-1.099,11.020999999999999,Sep
1833,10,-1.355,7.904999999999999,Oct
1833,11,0.893,7.013,Nov
1833,12,-0.358,3.312,Dec
1834,1,-2.7569999999999997,-0.13699999999999957,Jan
1834,2,-0.617,2.613,Feb
1834,3,0.32,5.65,Mar
1834,4,-0.8079999999999999,7.552,Apr
1834,5,-0.364,11.005999999999998,May
1834,6,-0.927,12.603,Jun
1834,7,-0.452,13.958,Jul
1834,8,-0.556,13.373999999999999,Aug
1834,9,-0.6629999999999999,11.456999999999999,Sep
1834,10,-0.706,8.554,Oct
1834,11,0.525,6.6450000000000005,Nov
1834,12,-0.011000000000000001,3.659,Dec
1835,1,0.736,3.356,Jan
1835,2,-0.026000000000000002,3.204,Feb
1835,3,-0.871,4.459,Mar
1835,4,-0.899,7.460999999999999,Apr
1835,5,-1.666,9.703999999999999,May
1835,6,-1.7830000000000001,11.747,Jun
1835,7,-1.7069999999999999,12.703,Jul
1835,8,-2.065,11.865,Aug
1835,9,-2.387,9.732999999999999,Sep
1835,10,-1.3419999999999999,7.918,Oct
1835,11,-2.197,3.923,Nov
1835,12,-2.472,1.198,Dec
1836,1,-0.7859999999999999,1.834,Jan
1836,2,-0.79,2.44,Feb
1836,3,-0.061,5.269,Mar
1836,4,-1.105,7.254999999999999,Apr
1836,5,-1.2990000000000002,10.071,May
1836,6,-1.067,12.463,Jun
1836,7,-0.961,13.449,Jul
1836,8,-1.219,12.711,Aug
1836,9,-1.422,10.697999999999999,Sep
1836,10,-0.278,8.982,Oct
1836,11,-1.756,4.364,Nov
1836,12,-0.402,3.268,Dec
1837,1,-0.22899999999999998,2.391,Jan
1837,2,0.264,3.4939999999999998,Feb
1837,3,-1.824,3.5060000000000002,Mar
1837,4,-1.949,6.411,Apr
1837,5,-1.6869999999999998,9.683,May
1837,6,-1.433,12.097,Jun
1837,7,-0.917,13.493,Jul
1837,8,-1.046,12.884,Aug
1837,9,-1.347,10.773,Sep
1837,10,-1.75,7.51,Oct
1837,11,-1.4580000000000002,4.662,Nov
1837,12,-0.774,2.896,Dec
1838,1,-3.237,-0.617,Jan
1838,2,-2.086,1.1440000000000001,Feb
1838,3,-1.776,3.5540000000000003,Mar
1838,4,-1.2990000000000002,7.060999999999999,Apr
1838,5,-1.7080000000000002,9.661999999999999,May
1838,6,-1.031,12.498999999999999,Jun
1838,7,-0.136,14.274000000000001,Jul
1838,8,-0.406,13.524,Aug
1838,9,-1.27,10.85,Sep
1838,10,-0.7829999999999999,8.477,Oct
1838,11,-1.082,5.038,Nov
1838,12,-0.845,2.825,Dec
1839,1,0.022000000000000002,2.642,Jan
1839,2,0.7879999999999999,4.018,Feb
1839,3,-3.045,2.285,Mar
1839,4,-0.597,7.763,Apr
1839,5,-1.2429999999999999,10.126999999999999,May
1839,6,-1.072,12.457999999999998,Jun
1839,7,0.139,14.549,Jul
1839,8,0.019,13.949,Aug
1839,9,-1.327,10.793,Sep
1839,10,-0.899,8.361,Oct
1839,11,-2.049,4.071,Nov
1839,12,-2.823,0.847,Dec
1840,1,0.18100000000000002,2.801,Jan
1840,2,-1.294,1.936,Feb
1840,3,-2.059,3.271,Mar
1840,4,-0.514,7.845999999999999,Apr
1840,5,-0.42700000000000005,10.943,May
1840,6,-0.159,13.370999999999999,Jun
1840,7,0.413,14.823,Jul
1840,8,-0.733,13.197,Aug
1840,9,-1.213,10.907,Sep
1840,10,-2.0069999999999997,7.253,Oct
1840,11,-1.916,4.204000000000001,Nov
1840,12,-1.568,2.102,Dec
1841,1,-1.8619999999999999,0.7580000000000002,Jan
1841,2,-0.831,2.399,Feb
1841,3,-2.312,3.0180000000000002,Mar
1841,4,-1.9380000000000002,6.421999999999999,Apr
1841,5,-0.741,10.629,May
1841,6,-0.42700000000000005,13.103,Jun
1841,7,0.28300000000000003,14.693,Jul
1841,8,-0.14400000000000002,13.786,Aug
1841,9,-1.278,10.841999999999999,Sep
1841,10,-0.55,8.709999999999999,Oct
1841,11,-1.139,4.981,Nov
1841,12,-0.6459999999999999,3.024,Dec
1842,1,-0.6509999999999999,1.9690000000000003,Jan
1842,2,-0.177,3.053,Feb
1842,3,0.392,5.722,Mar
1842,4,-0.15,8.209999999999999,Apr
1842,5,-1.111,10.258999999999999,May
1842,6,-1.188,12.341999999999999,Jun
1842,7,-0.9840000000000001,13.426,Jul
1842,8,-0.7090000000000001,13.221,Aug
1842,9,-1.185,10.934999999999999,Sep
1842,10,-1.104,8.155999999999999,Oct
1842,11,-1.042,5.078,Nov
1842,12,0.5760000000000001,4.246,Dec
1843,1,0.768,3.388,Jan
1843,2,0.5379999999999999,3.768,Feb
1843,3,-0.897,4.433,Mar
1843,4,-0.626,7.733999999999999,Apr
1843,5,-1.6840000000000002,9.686,May
1843,6,-1.045,12.485,Jun
1843,7,-0.441,13.969,Jul
1843,8,-0.628,13.302,Aug
1843,9,-0.978,11.142,Sep
1843,10,-0.757,8.503,Oct
1843,11,-0.955,5.165,Nov
1843,12,0.682,4.352,Dec
1844,1,-0.14300000000000002,2.4770000000000003,Jan
1844,2,-0.927,2.303,Feb
1844,3,-0.625,4.705,Mar
1844,4,-0.735,7.624999999999999,Apr
1844,5,-1.263,10.107,May
1844,6,-0.792,12.738,Jun
1844,7,-0.636,13.774000000000001,Jul
1844,8,-0.8059999999999999,13.124,Aug
1844,9,-1.305,10.815,Sep
1844,10,-0.737,8.523,Oct
1844,11,-1.71,4.41,Nov
1844,12,-1.845,1.825,Dec
1845,1,0.32899999999999996,2.949,Jan
1845,2,-1.505,1.725,Feb
1845,3,-0.768,4.562,Mar
1845,4,-0.44299999999999995,7.917,Apr
1845,5,-1.125,10.245,May
1845,6,-0.7509999999999999,12.779,Jun
1845,7,-0.26899999999999996,14.141,Jul
1845,8,-0.47,13.459999999999999,Aug
1845,9,-0.8170000000000001,11.302999999999999,Sep
1845,10,-1.3730000000000002,7.887,Oct
1845,11,-1.062,5.058,Nov
1845,12,-1.766,1.904,Dec
1846,1,1.07,3.6900000000000004,Jan
1846,2,0.205,3.435,Feb
1846,3,0.9790000000000001,6.309,Mar
1846,4,-1.1,7.26,Apr
1846,5,-0.48200000000000004,10.888,May
1846,6,0.067,13.597,Jun
1846,7,0.525,14.935,Jul
1846,8,0.18600000000000003,14.116,Aug
1846,9,-0.498,11.622,Sep
1846,10,-0.998,8.262,Oct
1846,11,-0.9159999999999999,5.204000000000001,Nov
1846,12,0.379,4.0489999999999995,Dec
1847,1,0.261,2.8810000000000002,Jan
1847,2,0.345,3.575,Feb
1847,3,-1.749,3.581,Mar
1847,4,-0.7240000000000001,7.635999999999999,Apr
1847,5,-1.143,10.226999999999999,May
1847,6,-1.026,12.504,Jun
1847,7,-0.21,14.2,Jul
1847,8,-0.5479999999999999,13.382,Aug
1847,9,-0.696,11.424,Sep
1847,10,-0.737,8.523,Oct
1847,11,-0.142,5.978,Nov
1847,12,-1.757,1.913,Dec
1848,1,-2.05,0.5700000000000003,Jan
1848,2,0.642,3.872,Feb
1848,3,-0.7929999999999999,4.537,Mar
1848,4,-0.486,7.874,Apr
1848,5,-1.159,10.210999999999999,May
1848,6,-0.63,12.899999999999999,Jun
1848,7,-0.278,14.132,Jul
1848,8,-0.8740000000000001,13.056,Aug
1848,9,-1.287,10.832999999999998,Sep
1848,10,-0.625,8.635,Oct
1848,11,-0.951,5.1690000000000005,Nov
1848,12,-1.031,2.6390000000000002,Dec
1849,1,-0.191,2.4290000000000003,Jan
1849,2,-0.41600000000000004,2.814,Feb
1849,3,0.024,5.354,Mar
1849,4,-1.766,6.593999999999999,Apr
1849,5,-1.514,9.856,May
1849,6,-0.7759999999999999,12.754,Jun
1849,7,-0.309,14.101,Jul
1849,8,-0.5379999999999999,13.392,Aug
1849,9,-1.2990000000000002,10.821,Sep
1849,10,-0.35700000000000004,8.903,Oct
1849,11,-0.122,5.998,Nov
1849,12,-1.729,1.9409999999999998,Dec
1850,1,-1.876,0.7440000000000002,Jan
1850,2,0.12300000000000001,3.353,Feb
1850,3,-0.509,4.821,Mar
1850,4,-1.265,7.095,Apr
1850,5,-1.6780000000000002,9.691999999999998,May
1850,6,-0.758,12.771999999999998,Jun
1850,7,-0.321,14.089,Jul
1850,8,-0.233,13.697,Aug
1850,9,-0.9309999999999999,11.189,Sep
1850,10,-1.411,7.849,Oct
1850,11,-1.3219999999999998,4.798,Nov
1850,12,-0.8240000000000001,2.846,Dec
1851,1,-0.08800000000000001,2.532,Jan
1851,2,-0.49700000000000005,2.733,Feb
1851,3,-1.3619999999999999,3.968,Mar
1851,4,-1.413,6.946999999999999,Apr
1851,5,-0.42200000000000004,10.947999999999999,May
1851,6,-0.491,13.039,Jun
1851,7,-0.067,14.343,Jul
1851,8,-0.293,13.637,Aug
1851,9,-0.48700000000000004,11.633,Sep
1851,10,-0.215,9.045,Oct
1851,11,-1.215,4.905,Nov
1851,12,-0.256,3.4139999999999997,Dec
1852,1,0.141,2.761,Jan
1852,2,-0.823,2.407,Feb
1852,3,-1.6640000000000001,3.666,Mar
1852,4,-0.993,7.366999999999999,Apr
1852,5,-0.35200000000000004,11.017999999999999,May
1852,6,-0.6859999999999999,12.844,Jun
1852,7,-0.174,14.236,Jul
1852,8,-0.882,13.048,Aug
1852,9,-0.8740000000000001,11.245999999999999,Sep
1852,10,-0.39399999999999996,8.866,Oct
1852,11,-1.776,4.344,Nov
1852,12,0.146,3.816,Dec
1853,1,-0.6940000000000001,1.9260000000000002,Jan
1853,2,-1.6280000000000001,1.6019999999999999,Feb
1853,3,-1.213,4.117,Mar
1853,4,-1.128,7.231999999999999,Apr
1853,5,-0.595,10.774999999999999,May
1853,6,-0.36200000000000004,13.168,Jun
1853,7,-0.042,14.368,Jul
1853,8,-0.11,13.82,Aug
1853,9,-0.546,11.574,Sep
1853,10,-0.7290000000000001,8.530999999999999,Oct
1853,11,-1.295,4.825,Nov
1853,12,-0.444,3.226,Dec
1854,1,-1.153,1.467,Jan
1854,2,-1.2,2.0300000000000002,Feb
1854,3,-0.608,4.722,Mar
1854,4,-0.679,7.680999999999999,Apr
1854,5,-0.424,10.946,May
1854,6,-0.992,12.538,Jun
1854,7,0.11699999999999999,14.527000000000001,Jul
1854,8,-0.138,13.792,Aug
1854,9,-0.784,11.335999999999999,Sep
1854,10,0.43700000000000006,9.697,Oct
1854,11,-0.373,5.747,Nov
1854,12,0.10300000000000001,3.773,Dec
1855,1,0.04,2.66,Jan
1855,2,0.066,3.296,Feb
1855,3,-0.772,4.558,Mar
1855,4,0.642,9.001999999999999,Apr
1855,5,-0.21899999999999997,11.151,May
1855,6,-0.532,12.998,Jun
1855,7,-0.62,13.790000000000001,Jul
1855,8,-0.564,13.366,Aug
1855,9,-1.0170000000000001,11.103,Sep
1855,10,-0.887,8.373,Oct
1855,11,-1.068,5.052,Nov
1855,12,-1.5230000000000001,2.147,Dec
1856,1,0.132,2.7520000000000002,Jan
1856,2,-1.3159999999999998,1.9140000000000001,Feb
1856,3,-1.1079999999999999,4.222,Mar
1856,4,-0.617,7.742999999999999,Apr
1856,5,-0.818,10.552,May
1856,6,-0.062,13.468,Jun
1856,7,-0.59,13.82,Jul
1856,8,-0.98,12.95,Aug
1856,9,-1.248,10.872,Sep
1856,10,-1.16,8.1,Oct
1856,11,-0.987,5.133,Nov
1856,12,-0.33,3.34,Dec
1857,1,-0.8540000000000001,1.766,Jan
1857,2,-0.652,2.578,Feb
1857,3,-1.005,4.325,Mar
1857,4,-1.485,6.874999999999999,Apr
1857,5,-1.5819999999999999,9.788,May
1857,6,-1.284,12.245999999999999,Jun
1857,7,-0.868,13.542,Jul
1857,8,-0.75,13.18,Aug
1857,9,-1.02,11.1,Sep
1857,10,-1.004,8.256,Oct
1857,11,-0.87,5.25,Nov
1857,12,-0.019,3.651,Dec
1858,1,0.36700000000000005,2.987,Jan
1858,2,-0.816,2.414,Feb
1858,3,-0.615,4.715,Mar
1858,4,0.142,8.501999999999999,Apr
1858,5,-0.53,10.84,May
1858,6,-0.785,12.745,Jun
1858,7,-0.7929999999999999,13.617,Jul
1858,8,-0.8440000000000001,13.086,Aug
1858,9,-0.91,11.209999999999999,Sep
1858,10,-0.317,8.943,Oct
1858,11,-0.151,5.969,Nov
1858,12,-1.115,2.5549999999999997,Dec
1859,1,-0.305,2.315,Jan
1859,2,-0.493,2.737,Feb
1859,3,-0.273,5.057,Mar
1859,4,0.066,8.426,Apr
1859,5,-0.16899999999999998,11.200999999999999,May
1859,6,-0.44,13.09,Jun
1859,7,-0.698,13.712,Jul
1859,8,-0.78,13.15,Aug
1859,9,-1.129,10.991,Sep
1859,10,-0.595,8.665,Oct
1859,11,-0.377,5.743,Nov
1859,12,-0.337,3.3329999999999997,Dec
1860,1,-0.631,1.989,Jan
1860,2,-0.868,2.362,Feb
1860,3,-2.097,3.233,Mar
1860,4,-0.777,7.582999999999999,Apr
1860,5,-0.608,10.761999999999999,May
1860,6,-0.541,12.988999999999999,Jun
1860,7,-0.391,14.019,Jul
1860,8,-0.273,13.657,Aug
1860,9,-0.36,11.76,Sep
1860,10,-0.589,8.671,Oct
1860,11,-1.265,4.855,Nov
1860,12,-2.229,1.4409999999999998,Dec
1861,1,-2.227,0.39300000000000024,Jan
1861,2,-1.183,2.0469999999999997,Feb
1861,3,-0.632,4.698,Mar
1861,4,-0.7140000000000001,7.645999999999999,Apr
1861,5,-0.998,10.372,May
1861,6,-0.562,12.968,Jun
1861,7,-0.48,13.93,Jul
1861,8,-0.33899999999999997,13.591,Aug
1861,9,-0.758,11.361999999999998,Sep
1861,10,-0.779,8.481,Oct
1861,11,-0.501,5.619,Nov
1861,12,-0.988,2.682,Dec
1862,1,-1.839,0.7810000000000001,Jan
1862,2,-1.735,1.4949999999999999,Feb
1862,3,-0.9159999999999999,4.414,Mar
1862,4,-0.9520000000000001,7.4079999999999995,Apr
1862,5,-0.736,10.633999999999999,May
1862,6,-0.778,12.751999999999999,Jun
1862,7,-0.602,13.808,Jul
1862,8,-0.826,13.104,Aug
1862,9,-1.11,11.01,Sep
1862,10,-1.055,8.205,Oct
1862,11,-1.493,4.627,Nov
1862,12,-1.9769999999999999,1.693,Dec
1863,1,0.647,3.2670000000000003,Jan
1863,2,-0.034,3.196,Feb
1863,3,-0.511,4.819,Mar
1863,4,-0.418,7.941999999999999,Apr
1863,5,-0.289,11.081,May
1863,6,-0.8109999999999999,12.719,Jun
1863,7,-0.648,13.762,Jul
1863,8,-0.695,13.235,Aug
1863,9,-0.998,11.122,Sep
1863,10,-0.971,8.289,Oct
1863,11,-0.6920000000000001,5.428,Nov
1863,12,-0.64,3.03,Dec
1864,1,-0.83,1.79,Jan
1864,2,-0.8,2.4299999999999997,Feb
1864,3,-0.8420000000000001,4.4879999999999995,Mar
1864,4,-0.7240000000000001,7.635999999999999,Apr
1864,5,-0.46799999999999997,10.902,May
1864,6,-0.18600000000000003,13.344,Jun
1864,7,-0.21899999999999997,14.191,Jul
1864,8,-0.584,13.346,Aug
1864,9,-0.9490000000000001,11.171,Sep
1864,10,-0.565,8.695,Oct
1864,11,-0.955,5.165,Nov
1864,12,-1.51,2.16,Dec
1865,1,0.402,3.0220000000000002,Jan
1865,2,-1.252,1.978,Feb
1865,3,-1.5419999999999998,3.7880000000000003,Mar
1865,4,-1.0170000000000001,7.342999999999999,Apr
1865,5,-0.595,10.774999999999999,May
1865,6,-0.207,13.322999999999999,Jun
1865,7,-0.25,14.16,Jul
1865,8,-0.414,13.516,Aug
1865,9,-0.35700000000000004,11.763,Sep
1865,10,-0.284,8.975999999999999,Oct
1865,11,0.03,6.15,Nov
1865,12,-0.907,2.763,Dec
1866,1,0.284,2.904,Jan
1866,2,-1.035,2.1950000000000003,Feb
1866,3,-0.998,4.332,Mar
1866,4,-0.532,7.827999999999999,Apr
1866,5,-0.5479999999999999,10.822,May
1866,6,-0.773,12.757,Jun
1866,7,0.062,14.472,Jul
1866,8,-0.5710000000000001,13.359,Aug
1866,9,-0.7090000000000001,11.411,Sep
1866,10,-0.912,8.347999999999999,Oct
1866,11,-0.37,5.75,Nov
1866,12,0.478,4.148,Dec
1867,1,-0.25,2.37,Jan
1867,2,-0.769,2.461,Feb
1867,3,-0.9359999999999999,4.394,Mar
1867,4,-0.28800000000000003,8.072,Apr
1867,5,-0.9890000000000001,10.380999999999998,May
1867,6,-0.414,13.116,Jun
1867,7,-0.39899999999999997,14.011000000000001,Jul
1867,8,-0.602,13.328,Aug
1867,9,-0.598,11.521999999999998,Sep
1867,10,-0.223,9.036999999999999,Oct
1867,11,0.8270000000000001,6.947,Nov
1867,12,0.11599999999999999,3.786,Dec
1868,1,-0.914,1.706,Jan
1868,2,-1.464,1.766,Feb
1868,3,-1.032,4.298,Mar
1868,4,-0.304,8.056,Apr
1868,5,-0.20199999999999999,11.168,May
1868,6,-0.5720000000000001,12.957999999999998,Jun
1868,7,-0.038,14.372,Jul
1868,8,-0.255,13.674999999999999,Aug
1868,9,-0.588,11.532,Sep
1868,10,0.105,9.365,Oct
1868,11,-1.082,5.038,Nov
1868,12,-0.473,3.197,Dec
1869,1,-0.5,2.12,Jan
1869,2,0.597,3.827,Feb
1869,3,-0.945,4.385,Mar
1869,4,-0.551,7.808999999999999,Apr
1869,5,-0.21,11.159999999999998,May
1869,6,-0.239,13.290999999999999,Jun
1869,7,-0.28800000000000003,14.122,Jul
1869,8,-0.113,13.817,Aug
1869,9,0.012,12.132,Sep
1869,10,-0.35600000000000004,8.904,Oct
1869,11,-0.32,5.8,Nov
1869,12,-1.126,2.544,Dec
1870,1,-0.733,1.887,Jan
1870,2,-1.271,1.959,Feb
1870,3,-0.7709999999999999,4.559,Mar
1870,4,-0.66,7.699999999999999,Apr
1870,5,-0.228,11.142,May
1870,6,0.02,13.549999999999999,Jun
1870,7,0.10800000000000001,14.518,Jul
1870,8,-0.505,13.424999999999999,Aug
1870,9,-0.188,11.931999999999999,Sep
1870,10,-0.5429999999999999,8.717,Oct
1870,11,-0.614,5.506,Nov
1870,12,-1.5619999999999998,2.108,Dec
1871,1,-1.178,1.4420000000000002,Jan
1871,2,-1.5830000000000002,1.6469999999999998,Feb
1871,3,-0.6629999999999999,4.667,Mar
1871,4,-0.135,8.225,Apr
1871,5,-0.677,10.693,May
1871,6,-0.5579999999999999,12.972,Jun
1871,7,-0.255,14.155,Jul
1871,8,-0.081,13.849,Aug
1871,9,-0.5820000000000001,11.537999999999998,Sep
1871,10,-0.21100000000000002,9.049,Oct
1871,11,-0.905,5.215,Nov
1871,12,-0.495,3.175,Dec
1872,1,-0.977,1.6430000000000002,Jan
1872,2,-0.99,2.24,Feb
1872,3,-0.575,4.755,Mar
1872,4,-0.6890000000000001,7.670999999999999,Apr
1872,5,-0.304,11.065999999999999,May
1872,6,-0.536,12.994,Jun
1872,7,-0.146,14.264,Jul
1872,8,-0.075,13.855,Aug
1872,9,-0.22,11.899999999999999,Sep
1872,10,-0.047,9.213,Oct
1872,11,-0.787,5.333,Nov
1872,12,-1.129,2.541,Dec
1873,1,-0.63,1.9900000000000002,Jan
1873,2,-0.19899999999999998,3.031,Feb
1873,3,-0.736,4.594,Mar
1873,4,-1.1,7.26,Apr
1873,5,-0.51,10.86,May
1873,6,-0.307,13.222999999999999,Jun
1873,7,-0.177,14.233,Jul
1873,8,-0.187,13.743,Aug
1873,9,-0.664,11.456,Sep
1873,10,-0.084,9.176,Oct
1873,11,-0.38,5.74,Nov
1873,12,-0.027000000000000003,3.643,Dec
1874,1,0.02,2.64,Jan
1874,2,-0.225,3.005,Feb
1874,3,-1.327,4.003,Mar
1874,4,-0.295,8.065,Apr
1874,5,0.071,11.440999999999999,May
1874,6,-0.28,13.25,Jun
1874,7,-0.428,13.982,Jul
1874,8,-0.14300000000000002,13.786999999999999,Aug
1874,9,-0.025,12.094999999999999,Sep
1874,10,-0.085,9.174999999999999,Oct
1874,11,-0.401,5.719,Nov
1874,12,-0.271,3.399,Dec
1875,1,-1.063,1.5570000000000002,Jan
1875,2,-0.934,2.296,Feb
1875,3,-1.0859999999999999,4.244,Mar
1875,4,-0.812,7.547999999999999,Apr
1875,5,-0.628,10.741999999999999,May
1875,6,-0.278,13.251999999999999,Jun
1875,7,-0.276,14.134,Jul
1875,8,-0.42,13.51,Aug
1875,9,-0.7959999999999999,11.324,Sep
1875,10,-0.615,8.645,Oct
1875,11,-1.558,4.562,Nov
1875,12,-1.051,2.6189999999999998,Dec
1876,1,-0.773,1.847,Jan
1876,2,-0.73,2.5,Feb
1876,3,-0.713,4.617,Mar
1876,4,-0.22,8.139999999999999,Apr
1876,5,-0.889,10.481,May
1876,6,-0.455,13.075,Jun
1876,7,-0.24600000000000002,14.164,Jul
1876,8,-0.519,13.411,Aug
1876,9,-0.431,11.689,Sep
1876,10,-0.391,8.869,Oct
1876,11,-1.158,4.962,Nov
1876,12,-1.555,2.115,Dec
1877,1,-0.39799999999999996,2.222,Jan
1877,2,-0.22699999999999998,3.003,Feb
1877,3,-0.025,5.305,Mar
1877,4,-0.396,7.9639999999999995,Apr
1877,5,-0.40700000000000003,10.963,May
1877,6,-0.226,13.303999999999998,Jun
1877,7,0.268,14.678,Jul
1877,8,0.14,14.07,Aug
1877,9,-0.149,11.971,Sep
1877,10,-0.159,9.100999999999999,Oct
1877,11,0.2,6.32,Nov
1877,12,-0.63,3.04,Dec
1878,1,-0.748,1.872,Jan
1878,2,0.365,3.5949999999999998,Feb
1878,3,1.203,6.533,Mar
1878,4,0.48700000000000004,8.847,Apr
1878,5,-0.39899999999999997,10.971,May
1878,6,0.214,13.744,Jun
1878,7,0.23800000000000002,14.648,Jul
1878,8,0.177,14.107,Aug
1878,9,-0.037000000000000005,12.082999999999998,Sep
1878,10,-0.005,9.254999999999999,Oct
1878,11,0.309,6.429,Nov
1878,12,-0.348,3.322,Dec
1879,1,-0.35,2.27,Jan
1879,2,-0.396,2.834,Feb
1879,3,-0.665,4.665,Mar
1879,4,-0.581,7.779,Apr
1879,5,-0.616,10.754,May
1879,6,-0.33799999999999997,13.192,Jun
1879,7,-0.242,14.168,Jul
1879,8,-0.65,13.28,Aug
1879,9,-0.636,11.484,Sep
1879,10,-0.142,9.118,Oct
1879,11,-0.634,5.486,Nov
1879,12,-1.025,2.645,Dec
1880,1,-0.927,1.693,Jan
1880,2,-1.26,1.97,Feb
1880,3,-0.79,4.54,Mar
1880,4,-0.935,7.424999999999999,Apr
1880,5,-0.34600000000000003,11.024,May
1880,6,-0.324,13.206,Jun
1880,7,-0.28800000000000003,14.122,Jul
1880,8,-0.121,13.809,Aug
1880,9,-0.6679999999999999,11.452,Sep
1880,10,-0.604,8.656,Oct
1880,11,-0.294,5.8260000000000005,Nov
1880,12,-0.622,3.048,Dec
1881,1,-0.26,2.3600000000000003,Jan
1881,2,-0.611,2.6189999999999998,Feb
1881,3,-0.35100000000000003,4.979,Mar
1881,4,-0.077,8.283,Apr
1881,5,-0.268,11.101999999999999,May
1881,6,-0.879,12.651,Jun
1881,7,-0.313,14.097,Jul
1881,8,-0.22899999999999998,13.701,Aug
1881,9,-0.509,11.610999999999999,Sep
1881,10,-0.435,8.825,Oct
1881,11,-0.8440000000000001,5.276,Nov
1881,12,-0.53,3.1399999999999997,Dec
1882,1,0.318,2.938,Jan
1882,2,-0.07200000000000001,3.158,Feb
1882,3,-0.38299999999999995,4.947,Mar
1882,4,-0.6509999999999999,7.709,Apr
1882,5,-0.513,10.857,May
1882,6,-0.74,12.79,Jun
1882,7,-0.695,13.715,Jul
1882,8,-0.221,13.709,Aug
1882,9,-0.396,11.723999999999998,Sep
1882,10,-0.818,8.442,Oct
1882,11,-1.107,5.013,Nov
1882,12,-1.4769999999999999,2.193,Dec
1883,1,-1.2009999999999998,1.4190000000000003,Jan
1883,2,-1.4409999999999998,1.7890000000000001,Feb
1883,3,-0.474,4.856,Mar
1883,4,-0.731,7.629,Apr
1883,5,-0.589,10.780999999999999,May
1883,6,-0.19399999999999998,13.335999999999999,Jun
1883,7,-0.396,14.014,Jul
1883,8,-0.6920000000000001,13.238,Aug
1883,9,-0.795,11.325,Sep
1883,10,-0.406,8.854,Oct
1883,11,-1.227,4.893,Nov
1883,12,-0.41700000000000004,3.253,Dec
1884,1,-0.499,2.121,Jan
1884,2,-0.79,2.44,Feb
1884,3,-1.5130000000000001,3.817,Mar
1884,4,-1.181,7.178999999999999,Apr
1884,5,-1.182,10.187999999999999,May
1884,6,-0.956,12.574,Jun
1884,7,-0.804,13.606,Jul
1884,8,-0.7020000000000001,13.228,Aug
1884,9,-0.8059999999999999,11.314,Sep
1884,10,-0.64,8.62,Oct
1884,11,-0.9640000000000001,5.156,Nov
1884,12,-0.629,3.041,Dec
1885,1,-1.6780000000000002,0.942,Jan
1885,2,-1.0090000000000001,2.221,Feb
1885,3,-0.804,4.526,Mar
1885,4,-1.084,7.276,Apr
1885,5,-0.825,10.545,May
1885,6,-0.8029999999999999,12.727,Jun
1885,7,-0.46799999999999997,13.942,Jul
1885,8,-0.5529999999999999,13.376999999999999,Aug
1885,9,-0.696,11.424,Sep
1885,10,-0.506,8.754,Oct
1885,11,-0.682,5.438,Nov
1885,12,-0.005,3.665,Dec
1886,1,-1.2009999999999998,1.4190000000000003,Jan
1886,2,-1.492,1.738,Feb
1886,3,-1.126,4.204000000000001,Mar
1886,4,-0.523,7.837,Apr
1886,5,-0.63,10.739999999999998,May
1886,6,-0.77,12.76,Jun
1886,7,-0.225,14.185,Jul
1886,8,-0.581,13.349,Aug
1886,9,-0.52,11.6,Sep
1886,10,-0.7440000000000001,8.516,Oct
1886,11,-0.97,5.15,Nov
1886,12,-0.363,3.307,Dec
1887,1,-1.8719999999999999,0.7480000000000002,Jan
1887,2,-1.2690000000000001,1.9609999999999999,Feb
1887,3,-0.892,4.438,Mar
1887,4,-0.657,7.702999999999999,Apr
1887,5,-0.521,10.848999999999998,May
1887,6,-0.637,12.892999999999999,Jun
1887,7,-0.38299999999999995,14.027000000000001,Jul
1887,8,-0.8420000000000001,13.088,Aug
1887,9,-0.439,11.681,Sep
1887,10,-0.575,8.685,Oct
1887,11,-0.636,5.484,Nov
1887,12,-0.8170000000000001,2.8529999999999998,Dec
1888,1,-0.884,1.7360000000000002,Jan
1888,2,-1.254,1.976,Feb
1888,3,-1.067,4.263,Mar
1888,4,-0.518,7.842,Apr
1888,5,-0.7879999999999999,10.581999999999999,May
1888,6,-0.6609999999999999,12.869,Jun
1888,7,-0.17600000000000002,14.234,Jul
1888,8,-0.431,13.499,Aug
1888,9,-0.444,11.675999999999998,Sep
1888,10,-0.09,9.17,Oct
1888,11,-0.353,5.767,Nov
1888,12,-0.506,3.1639999999999997,Dec
1889,1,-0.883,1.737,Jan
1889,2,0.16899999999999998,3.399,Feb
1889,3,-0.067,5.263,Mar
1889,4,0.192,8.552,Apr
1889,5,-0.13,11.239999999999998,May
1889,6,-0.254,13.276,Jun
1889,7,-0.175,14.235,Jul
1889,8,-0.423,13.507,Aug
1889,9,-0.619,11.501,Sep
1889,10,-0.441,8.818999999999999,Oct
1889,11,-1.1059999999999999,5.014,Nov
1889,12,-0.645,3.025,Dec
1890,1,-0.961,1.6590000000000003,Jan
1890,2,-0.833,2.3970000000000002,Feb
1890,3,-1.143,4.187,Mar
1890,4,-0.6809999999999999,7.678999999999999,Apr
1890,5,-0.92,10.45,May
1890,6,-0.622,12.908,Jun
1890,7,-0.35,14.06,Jul
1890,8,-0.6409999999999999,13.289,Aug
1890,9,-0.643,11.476999999999999,Sep
1890,10,-0.095,9.165,Oct
1890,11,-0.977,5.143,Nov
1890,12,-0.721,2.949,Dec
1891,1,-0.955,1.665,Jan
1891,2,-1.399,1.831,Feb
1891,3,-0.575,4.755,Mar
1891,4,-0.72,7.64,Apr
1891,5,-0.56,10.809999999999999,May
1891,6,-0.644,12.886,Jun
1891,7,-0.501,13.909,Jul
1891,8,-0.46399999999999997,13.466,Aug
1891,9,-0.37799999999999995,11.741999999999999,Sep
1891,10,-0.539,8.721,Oct
1891,11,-1.026,5.094,Nov
1891,12,-0.051,3.6189999999999998,Dec
1892,1,-0.703,1.9170000000000003,Jan
1892,2,-0.434,2.796,Feb
1892,3,-1.004,4.3260000000000005,Mar
1892,4,-0.823,7.536999999999999,Apr
1892,5,-0.77,10.6,May
1892,6,-0.244,13.286,Jun
1892,7,-0.501,13.909,Jul
1892,8,-0.47600000000000003,13.453999999999999,Aug
1892,9,-0.4,11.719999999999999,Sep
1892,10,0.001,9.261,Oct
1892,11,-1.266,4.854,Nov
1892,12,-0.705,2.965,Dec
1893,1,-2.103,0.5169999999999999,Jan
1893,2,-1.565,1.665,Feb
1893,3,-0.37799999999999995,4.952,Mar
1893,4,-0.377,7.983,Apr
1893,5,-0.631,10.738999999999999,May
1893,6,-0.47700000000000004,13.052999999999999,Jun
1893,7,-0.08900000000000001,14.321,Jul
1893,8,-0.48,13.45,Aug
1893,9,-0.36700000000000005,11.752999999999998,Sep
1893,10,-0.11,9.15,Oct
1893,11,-0.24,5.88,Nov
1893,12,-0.5429999999999999,3.127,Dec
1894,1,-0.961,1.6590000000000003,Jan
1894,2,-0.319,2.911,Feb
1894,3,-0.22699999999999998,5.103,Mar
1894,4,-0.7090000000000001,7.651,Apr
1894,5,-0.43799999999999994,10.931999999999999,May
1894,6,-0.69,12.84,Jun
1894,7,-0.406,14.004,Jul
1894,8,-0.426,13.504,Aug
1894,9,-0.5479999999999999,11.572,Sep
1894,10,-0.151,9.109,Oct
1894,11,-0.733,5.3870000000000005,Nov
1894,12,-0.519,3.151,Dec
1895,1,-1.278,1.342,Jan
1895,2,-1.2009999999999998,2.029,Feb
1895,3,-0.6579999999999999,4.672000000000001,Mar
1895,4,-0.1,8.26,Apr
1895,5,-0.491,10.879,May
1895,6,-0.46,13.069999999999999,Jun
1895,7,-0.349,14.061,Jul
1895,8,-0.42,13.51,Aug
1895,9,-0.387,11.732999999999999,Sep
1895,10,-0.154,9.106,Oct
1895,11,-0.363,5.757,Nov
1895,12,-0.204,3.4659999999999997,Dec
1896,1,-0.307,2.313,Jan
1896,2,-0.526,2.7039999999999997,Feb
1896,3,-1.074,4.256,Mar
1896,4,-1.022,7.337999999999999,Apr
1896,5,-0.45799999999999996,10.911999999999999,May
1896,6,-0.218,13.312,Jun
1896,7,-0.17800000000000002,14.232,Jul
1896,8,-0.262,13.668,Aug
1896,9,-0.292,11.828,Sep
1896,10,0.149,9.408999999999999,Oct
1896,11,-0.763,5.357,Nov
1896,12,-0.36700000000000005,3.303,Dec
1897,1,-0.73,1.8900000000000001,Jan
1897,2,-0.7829999999999999,2.447,Feb
1897,3,-1.024,4.306,Mar
1897,4,-0.11199999999999999,8.248,Apr
1897,5,0.012,11.382,May
1897,6,-0.214,13.315999999999999,Jun
1897,7,-0.096,14.314,Jul
1897,8,-0.24600000000000002,13.684,Aug
1897,9,-0.195,11.924999999999999,Sep
1897,10,-0.064,9.196,Oct
1897,11,-0.51,5.61,Nov
1897,12,-0.49200000000000005,3.178,Dec
1898,1,0.153,2.773,Jan
1898,2,-0.8590000000000001,2.371,Feb
1898,3,-1.597,3.733,Mar
1898,4,-0.466,7.893999999999999,Apr
1898,5,-0.507,10.863,May
1898,6,-0.095,13.434999999999999,Jun
1898,7,-0.264,14.146,Jul
1898,8,-0.304,13.626,Aug
1898,9,-0.355,11.764999999999999,Sep
1898,10,-0.461,8.799,Oct
1898,11,-0.657,5.463,Nov
1898,12,-0.252,3.418,Dec
1899,1,-0.094,2.5260000000000002,Jan
1899,2,-0.8340000000000001,2.396,Feb
1899,3,-0.725,4.605,Mar
1899,4,-0.066,8.293999999999999,Apr
1899,5,-0.371,10.998999999999999,May
1899,6,-0.665,12.864999999999998,Jun
1899,7,-0.21100000000000002,14.199,Jul
1899,8,-0.084,13.846,Aug
1899,9,0.040999999999999995,12.161,Sep
1899,10,0.135,9.395,Oct
1899,11,0.48100000000000004,6.601,Nov
1899,12,-0.6970000000000001,2.973,Dec
1900,1,-1.187,1.433,Jan
1900,2,-0.13,3.1,Feb
1900,3,0.13,5.46,Mar
1900,4,-0.139,8.221,Apr
1900,5,-0.002,11.367999999999999,May
1900,6,-0.244,13.286,Jun
1900,7,-0.244,14.166,Jul
1900,8,-0.085,13.844999999999999,Aug
1900,9,-0.147,11.972999999999999,Sep
1900,10,0.413,9.673,Oct
1900,11,-0.3,5.82,Nov
1900,12,-0.03,3.64,Dec
1901,1,-0.48200000000000004,2.138,Jan
1901,2,-0.14400000000000002,3.086,Feb
1901,3,0.261,5.591,Mar
1901,4,0.151,8.511,Apr
1901,5,-0.21100000000000002,11.158999999999999,May
1901,6,-0.129,13.401,Jun
1901,7,-0.033,14.377,Jul
1901,8,-0.09,13.84,Aug
1901,9,-0.162,11.957999999999998,Sep
1901,10,-0.297,8.963,Oct
1901,11,-0.235,5.885,Nov
1901,12,-0.358,3.312,Dec
1902,1,-0.005,2.615,Jan
1902,2,0.355,3.585,Feb
1902,3,-0.49,4.84,Mar
1902,4,-0.439,7.920999999999999,Apr
1902,5,-0.485,10.885,May
1902,6,-0.316,13.213999999999999,Jun
1902,7,-0.174,14.236,Jul
1902,8,-0.304,13.626,Aug
1902,9,-0.33399999999999996,11.786,Sep
1902,10,-0.48200000000000004,8.778,Oct
1902,11,-0.907,5.213,Nov
1902,12,-0.986,2.684,Dec
1903,1,-0.198,2.422,Jan
1903,2,0.28300000000000003,3.513,Feb
1903,3,-0.435,4.8950000000000005,Mar
1903,4,-0.5870000000000001,7.773,Apr
1903,5,-0.625,10.745,May
1903,6,-0.643,12.886999999999999,Jun
1903,7,-0.385,14.025,Jul
1903,8,-0.467,13.463,Aug
1903,9,-0.614,11.505999999999998,Sep
1903,10,-0.48100000000000004,8.779,Oct
1903,11,-0.622,5.498,Nov
1903,12,-0.805,2.8649999999999998,Dec
1904,1,-0.99,1.6300000000000001,Jan
1904,2,-0.9,2.33,Feb
1904,3,-0.7929999999999999,4.537,Mar
1904,4,-0.691,7.669,Apr
1904,5,-0.5489999999999999,10.821,May
1904,6,-0.526,13.004,Jun
1904,7,-0.557,13.853,Jul
1904,8,-0.44799999999999995,13.482,Aug
1904,9,-0.7390000000000001,11.380999999999998,Sep
1904,10,-0.451,8.809,Oct
1904,11,0.061,6.181,Nov
1904,12,-0.366,3.304,Dec
1905,1,-0.35600000000000004,2.2640000000000002,Jan
1905,2,-1.381,1.849,Feb
1905,3,-0.767,4.563,Mar
1905,4,-0.65,7.709999999999999,Apr
1905,5,-0.384,10.985999999999999,May
1905,6,-0.43,13.1,Jun
1905,7,-0.307,14.103,Jul
1905,8,-0.301,13.629,Aug
1905,9,-0.31,11.809999999999999,Sep
1905,10,-0.235,9.025,Oct
1905,11,0.081,6.2010000000000005,Nov
1905,12,-0.332,3.338,Dec
1906,1,-0.523,2.097,Jan
1906,2,-0.895,2.335,Feb
1906,3,-0.43,4.9,Mar
1906,4,0.259,8.619,Apr
1906,5,-0.132,11.238,May
1906,6,-0.157,13.373,Jun
1906,7,-0.237,14.173,Jul
1906,8,-0.182,13.748,Aug
1906,9,-0.355,11.764999999999999,Sep
1906,10,-0.016,9.244,Oct
1906,11,-0.706,5.414,Nov
1906,12,0.037000000000000005,3.707,Dec
1907,1,-0.8490000000000001,1.771,Jan
1907,2,-1.123,2.107,Feb
1907,3,-0.752,4.578,Mar
1907,4,-0.799,7.560999999999999,Apr
1907,5,-1.001,10.369,May
1907,6,-0.7809999999999999,12.748999999999999,Jun
1907,7,-0.632,13.778,Jul
1907,8,-0.518,13.411999999999999,Aug
1907,9,-0.433,11.687,Sep
1907,10,-0.073,9.187,Oct
1907,11,-0.985,5.135,Nov
1907,12,-0.767,2.903,Dec
1908,1,-0.397,2.223,Jan
1908,2,-0.46299999999999997,2.767,Feb
1908,3,-1.2109999999999999,4.119,Mar
1908,4,-0.518,7.842,Apr
1908,5,-0.268,11.101999999999999,May
1908,6,-0.27899999999999997,13.251,Jun
1908,7,-0.244,14.166,Jul
1908,8,-0.5489999999999999,13.381,Aug
1908,9,-0.152,11.968,Sep
1908,10,-0.41700000000000004,8.843,Oct
1908,11,-0.8420000000000001,5.2780000000000005,Nov
1908,12,-0.637,3.033,Dec
1909,1,-1.246,1.374,Jan
1909,2,-0.564,2.666,Feb
1909,3,-0.735,4.595,Mar
1909,4,-0.831,7.529,Apr
1909,5,-0.779,10.591,May
1909,6,-0.621,12.908999999999999,Jun
1909,7,-0.35700000000000004,14.053,Jul
1909,8,-0.14,13.79,Aug
1909,9,-0.254,11.866,Sep
1909,10,-0.064,9.196,Oct
1909,11,0.063,6.183,Nov
1909,12,-0.496,3.174,Dec
1910,1,-0.29,2.33,Jan
1910,2,-0.46299999999999997,2.767,Feb
1910,3,-0.775,4.555,Mar
1910,4,-0.26,8.1,Apr
1910,5,-0.363,11.007,May
1910,6,-0.371,13.158999999999999,Jun
1910,7,-0.099,14.311,Jul
1910,8,-0.21600000000000003,13.714,Aug
1910,9,-0.396,11.723999999999998,Sep
1910,10,-0.292,8.968,Oct
1910,11,-0.87,5.25,Nov
1910,12,-1.033,2.637,Dec
1911,1,-1.0070000000000001,1.613,Jan
1911,2,-0.797,2.433,Feb
1911,3,-0.993,4.337,Mar
1911,4,-0.37200000000000005,7.9879999999999995,Apr
1911,5,-0.565,10.805,May
1911,6,-0.513,13.017,Jun
1911,7,-0.34299999999999997,14.067,Jul
1911,8,-0.408,13.522,Aug
1911,9,-0.493,11.626999999999999,Sep
1911,10,-0.035,9.225,Oct
1911,11,-0.215,5.905,Nov
1911,12,-0.314,3.356,Dec
1912,1,-0.267,2.353,Jan
1912,2,0.078,3.308,Feb
1912,3,-1.002,4.328,Mar
1912,4,-0.126,8.234,Apr
1912,5,-0.134,11.235999999999999,May
1912,6,-0.092,13.437999999999999,Jun
1912,7,-0.6759999999999999,13.734,Jul
1912,8,-0.8420000000000001,13.088,Aug
1912,9,-0.882,11.238,Sep
1912,10,-0.9440000000000001,8.315999999999999,Oct
1912,11,-0.626,5.494,Nov
1912,12,-0.632,3.038,Dec
1913,1,-0.541,2.079,Jan
1913,2,-0.8190000000000001,2.411,Feb
1913,3,-0.8370000000000001,4.493,Mar
1913,4,-0.305,8.055,Apr
1913,5,-0.621,10.748999999999999,May
1913,6,-0.525,13.004999999999999,Jun
1913,7,-0.243,14.167,Jul
1913,8,-0.185,13.745,Aug
1913,9,-0.39,11.729999999999999,Sep
1913,10,-0.267,8.993,Oct
1913,11,-0.14800000000000002,5.972,Nov
1913,12,0.408,4.078,Dec
1914,1,0.746,3.366,Jan
1914,2,-0.013000000000000001,3.217,Feb
1914,3,-0.369,4.961,Mar
1914,4,-0.231,8.129,Apr
1914,5,-0.084,11.286,May
1914,6,-0.066,13.463999999999999,Jun
1914,7,-0.13,14.28,Jul
1914,8,-0.188,13.741999999999999,Aug
1914,9,-0.228,11.892,Sep
1914,10,0.10800000000000001,9.368,Oct
1914,11,-0.385,5.735,Nov
1914,12,-0.096,3.574,Dec
1915,1,-0.299,2.321,Jan
1915,2,0.08199999999999999,3.312,Feb
1915,3,-0.20600000000000002,5.124,Mar
1915,4,0.385,8.745,Apr
1915,5,0.139,11.508999999999999,May
1915,6,-0.256,13.274,Jun
1915,7,0.027000000000000003,14.437,Jul
1915,8,-0.128,13.802,Aug
1915,9,-0.253,11.866999999999999,Sep
1915,10,-0.29,8.97,Oct
1915,11,0.049,6.1690000000000005,Nov
1915,12,-0.062,3.608,Dec
1916,1,-0.021,2.599,Jan
1916,2,-0.27699999999999997,2.953,Feb
1916,3,-0.48100000000000004,4.849,Mar
1916,4,-0.297,8.062999999999999,Apr
1916,5,-0.366,11.004,May
1916,6,-0.564,12.966,Jun
1916,7,-0.34600000000000003,14.064,Jul
1916,8,-0.315,13.615,Aug
1916,9,-0.39799999999999996,11.722,Sep
1916,10,-0.207,9.052999999999999,Oct
1916,11,-0.574,5.546,Nov
1916,12,-1.3719999999999999,2.298,Dec
1917,1,-0.434,2.186,Jan
1917,2,-0.8190000000000001,2.411,Feb
1917,3,-0.93,4.4,Mar
1917,4,-0.519,7.840999999999999,Apr
1917,5,-0.9670000000000001,10.402999999999999,May
1917,6,-0.644,12.886,Jun
1917,7,-0.106,14.304,Jul
1917,8,-0.37799999999999995,13.552,Aug
1917,9,-0.348,11.771999999999998,Sep
1917,10,-0.706,8.554,Oct
1917,11,-0.28800000000000003,5.832,Nov
1917,12,-1.413,2.2569999999999997,Dec
1918,1,-0.7090000000000001,1.911,Jan
1918,2,-0.746,2.484,Feb
1918,3,-0.48100000000000004,4.849,Mar
1918,4,-0.7090000000000001,7.651,Apr
1918,5,-0.828,10.542,May
1918,6,-0.645,12.885,Jun
1918,7,-0.449,13.961,Jul
1918,8,-0.517,13.413,Aug
1918,9,-0.221,11.899,Sep
1918,10,0.184,9.443999999999999,Oct
1918,11,-0.408,5.712,Nov
1918,12,-0.826,2.844,Dec
1919,1,-0.45399999999999996,2.1660000000000004,Jan
1919,2,-0.409,2.821,Feb
1919,3,-0.5820000000000001,4.748,Mar
1919,4,0.14400000000000002,8.504,Apr
1919,5,-0.41700000000000004,10.953,May
1919,6,-0.342,13.187999999999999,Jun
1919,7,-0.149,14.261000000000001,Jul
1919,8,-0.08199999999999999,13.847999999999999,Aug
1919,9,-0.145,11.975,Sep
1919,10,0.06,9.32,Oct
1919,11,-0.6509999999999999,5.469,Nov
1919,12,-0.47100000000000003,3.199,Dec
1920,1,0.18100000000000002,2.801,Jan
1920,2,-0.452,2.778,Feb
1920,3,-0.10800000000000001,5.222,Mar
1920,4,-0.066,8.293999999999999,Apr
1920,5,-0.251,11.119,May
1920,6,-0.444,13.085999999999999,Jun
1920,7,-0.17800000000000002,14.232,Jul
1920,8,-0.24100000000000002,13.689,Aug
1920,9,-0.344,11.776,Sep
1920,10,-0.271,8.988999999999999,Oct
1920,11,-0.565,5.555,Nov
1920,12,-1.0759999999999998,2.5940000000000003,Dec
1921,1,0.363,2.983,Jan
1921,2,-0.10800000000000001,3.122,Feb
1921,3,-0.302,5.0280000000000005,Mar
1921,4,-0.035,8.325,Apr
1921,5,-0.152,11.218,May
1921,6,-0.1,13.43,Jun
1921,7,0.027000000000000003,14.437,Jul
1921,8,-0.389,13.541,Aug
1921,9,-0.253,11.866999999999999,Sep
1921,10,0.015,9.275,Oct
1921,11,-0.237,5.883,Nov
1921,12,-0.008,3.662,Dec
1922,1,-0.473,2.1470000000000002,Jan
1922,2,-0.8690000000000001,2.3609999999999998,Feb
1922,3,-0.16699999999999998,5.163,Mar
1922,4,0.047,8.407,Apr
1922,5,-0.264,11.106,May
1922,6,-0.205,13.325,Jun
1922,7,-0.16,14.25,Jul
1922,8,-0.361,13.568999999999999,Aug
1922,9,-0.385,11.735,Sep
1922,10,-0.23600000000000002,9.024,Oct
1922,11,-0.071,6.049,Nov
1922,12,-0.012,3.658,Dec
1923,1,-0.156,2.464,Jan
1923,2,-0.665,2.565,Feb
1923,3,-0.48100000000000004,4.849,Mar
1923,4,-0.629,7.731,Apr
1923,5,-0.539,10.831,May
1923,6,-0.278,13.251999999999999,Jun
1923,7,-0.46399999999999997,13.946,Jul
1923,8,-0.32899999999999996,13.600999999999999,Aug
1923,9,-0.287,11.832999999999998,Sep
1923,10,0.21,9.47,Oct
1923,11,0.20800000000000002,6.328,Nov
1923,12,0.192,3.862,Dec
1924,1,-0.305,2.315,Jan
1924,2,-0.35200000000000004,2.878,Feb
1924,3,0.015,5.345,Mar
1924,4,-0.402,7.957999999999999,Apr
1924,5,-0.19899999999999998,11.171,May
1924,6,-0.22399999999999998,13.306,Jun
1924,7,-0.145,14.265,Jul
1924,8,-0.293,13.637,Aug
1924,9,-0.165,11.955,Sep
1924,10,-0.099,9.161,Oct
1924,11,0.217,6.337,Nov
1924,12,-0.265,3.405,Dec
1925,1,-0.361,2.2590000000000003,Jan
1925,2,-0.544,2.686,Feb
1925,3,-0.21600000000000003,5.114,Mar
1925,4,0.081,8.440999999999999,Apr
1925,5,-0.344,11.026,May
1925,6,-0.48700000000000004,13.043,Jun
1925,7,-0.35600000000000004,14.054,Jul
1925,8,-0.17800000000000002,13.751999999999999,Aug
1925,9,-0.183,11.937,Sep
1925,10,-0.113,9.147,Oct
1925,11,0.2,6.32,Nov
1925,12,0.6890000000000001,4.359,Dec
1926,1,0.815,3.435,Jan
1926,2,0.495,3.725,Feb
1926,3,0.524,5.854,Mar
1926,4,-0.154,8.206,Apr
1926,5,-0.47200000000000003,10.898,May
1926,6,-0.28300000000000003,13.247,Jun
1926,7,-0.265,14.145,Jul
1926,8,-0.055999999999999994,13.874,Aug
1926,9,-0.08900000000000001,12.030999999999999,Sep
1926,10,0.29,9.549999999999999,Oct
1926,11,0.20600000000000002,6.3260000000000005,Nov
1926,12,-0.32299999999999995,3.347,Dec
1927,1,-0.226,2.394,Jan
1927,2,-0.172,3.058,Feb
1927,3,-0.682,4.648,Mar
1927,4,-0.34299999999999997,8.017,Apr
1927,5,-0.275,11.094999999999999,May
1927,6,-0.254,13.276,Jun
1927,7,-0.095,14.315,Jul
1927,8,-0.222,13.708,Aug
1927,9,0.09699999999999999,12.216999999999999,Sep
1927,10,0.58,9.84,Oct
1927,11,0.228,6.348,Nov
1927,12,-0.433,3.237,Dec
1928,1,0.42,3.04,Jan
1928,2,0.08199999999999999,3.312,Feb
1928,3,-0.37799999999999995,4.952,Mar
1928,4,-0.094,8.266,Apr
1928,5,-0.209,11.161,May
1928,6,-0.428,13.101999999999999,Jun
1928,7,-0.141,14.269,Jul
1928,8,-0.22899999999999998,13.701,Aug
1928,9,-0.11,12.01,Sep
1928,10,0.2,9.459999999999999,Oct
1928,11,0.205,6.325,Nov
1928,12,0.19,3.86,Dec
1929,1,-0.57,2.0500000000000003,Jan
1929,2,-1.08,2.15,Feb
1929,3,-0.231,5.099,Mar
1929,4,-0.258,8.102,Apr
1929,5,-0.42700000000000005,10.943,May
1929,6,-0.642,12.888,Jun
1929,7,-0.451,13.959,Jul
1929,8,-0.264,13.666,Aug
1929,9,-0.34299999999999997,11.777,Sep
1929,10,0.171,9.431,Oct
1929,11,-0.008,6.112,Nov
1929,12,-1.157,2.513,Dec
1930,1,-0.243,2.3770000000000002,Jan
1930,2,-0.131,3.099,Feb
1930,3,0.182,5.5120000000000005,Mar
1930,4,-0.205,8.155,Apr
1930,5,-0.289,11.081,May
1930,6,-0.23199999999999998,13.298,Jun
1930,7,0.034,14.444,Jul
1930,8,-0.027000000000000003,13.903,Aug
1930,9,-0.282,11.838,Sep
1930,10,-0.040999999999999995,9.219,Oct
1930,11,0.40399999999999997,6.524,Nov
1930,12,0.095,3.765,Dec
1931,1,0.12300000000000001,2.7430000000000003,Jan
1931,2,-0.541,2.689,Feb
1931,3,-0.133,5.197,Mar
1931,4,-0.21899999999999997,8.141,Apr
1931,5,-0.375,10.995,May
1931,6,0.027000000000000003,13.556999999999999,Jun
1931,7,0.14300000000000002,14.553,Jul
1931,8,0.174,14.104,Aug
1931,9,0.133,12.253,Sep
1931,10,0.628,9.888,Oct
1931,11,0.068,6.188,Nov
1931,12,0.29600000000000004,3.966,Dec
1932,1,0.9570000000000001,3.577,Jan
1932,2,-0.3,2.93,Feb
1932,3,-0.405,4.925,Mar
1932,4,0.428,8.788,Apr
1932,5,-0.133,11.236999999999998,May
1932,6,-0.168,13.362,Jun
1932,7,-0.043,14.367,Jul
1932,8,-0.183,13.747,Aug
1932,9,0.17,12.29,Sep
1932,10,0.423,9.683,Oct
1932,11,-0.265,5.855,Nov
1932,12,-0.165,3.505,Dec
1933,1,-0.485,2.1350000000000002,Jan
1933,2,-0.596,2.634,Feb
1933,3,-0.45,4.88,Mar
1933,4,-0.218,8.142,Apr
1933,5,-0.315,11.055,May
1933,6,-0.405,13.125,Jun
1933,7,-0.174,14.236,Jul
1933,8,-0.182,13.748,Aug
1933,9,-0.27699999999999997,11.843,Sep
1933,10,-0.019,9.241,Oct
1933,11,-0.23800000000000002,5.882,Nov
1933,12,-0.5820000000000001,3.088,Dec
1934,1,-0.142,2.478,Jan
1934,2,0.479,3.709,Feb
1934,3,-0.522,4.808,Mar
1934,4,-0.36200000000000004,7.997999999999999,Apr
1934,5,0.109,11.479,May
1934,6,-0.10800000000000001,13.421999999999999,Jun
1934,7,-0.049,14.361,Jul
1934,8,-0.12,13.81,Aug
1934,9,-0.401,11.719,Sep
1934,10,0.158,9.418,Oct
1934,11,0.259,6.3790000000000004,Nov
1934,12,0.311,3.981,Dec
1935,1,-0.436,2.184,Jan
1935,2,0.91,4.14,Feb
1935,3,0.064,5.394,Mar
1935,4,-0.59,7.77,Apr
1935,5,-0.46399999999999997,10.905999999999999,May
1935,6,-0.209,13.321,Jun
1935,7,-0.08,14.33,Jul
1935,8,-0.151,13.779,Aug
1935,9,-0.136,11.984,Sep
1935,10,0.223,9.483,Oct
1935,11,-0.7140000000000001,5.406,Nov
1935,12,-0.27899999999999997,3.391,Dec
1936,1,-0.401,2.2190000000000003,Jan
1936,2,-0.737,2.493,Feb
1936,3,-0.317,5.013,Mar
1936,4,-0.23399999999999999,8.126,Apr
1936,5,-0.13699999999999998,11.232999999999999,May
1936,6,-0.171,13.359,Jun
1936,7,0.237,14.647,Jul
1936,8,-0.057999999999999996,13.872,Aug
1936,9,-0.111,12.008999999999999,Sep
1936,10,0.175,9.435,Oct
1936,11,0.075,6.195,Nov
1936,12,0.239,3.909,Dec
1937,1,-0.198,2.422,Jan
1937,2,0.311,3.541,Feb
1937,3,-0.505,4.825,Mar
1937,4,-0.248,8.112,Apr
1937,5,0.038,11.408,May
1937,6,0.068,13.597999999999999,Jun
1937,7,-0.043,14.367,Jul
1937,8,0.076,14.006,Aug
1937,9,0.278,12.398,Sep
1937,10,0.441,9.701,Oct
1937,11,0.21,6.33,Nov
1937,12,-0.21899999999999997,3.451,Dec
1938,1,0.265,2.8850000000000002,Jan
1938,2,0.17800000000000002,3.408,Feb
1938,3,0.316,5.646,Mar
1938,4,0.563,8.923,Apr
1938,5,0.09300000000000001,11.463,May
1938,6,-0.203,13.327,Jun
1938,7,0.087,14.497,Jul
1938,8,0.054000000000000006,13.984,Aug
1938,9,0.308,12.427999999999999,Sep
1938,10,0.499,9.759,Oct
1938,11,0.39899999999999997,6.519,Nov
1938,12,-0.174,3.496,Dec
1939,1,0.305,2.9250000000000003,Jan
1939,2,0.006,3.2359999999999998,Feb
1939,3,-0.402,4.928,Mar
1939,4,-0.02,8.34,Apr
1939,5,0.14800000000000002,11.517999999999999,May
1939,6,0.006999999999999999,13.536999999999999,Jun
1939,7,-0.008,14.402000000000001,Jul
1939,8,0.024,13.953999999999999,Aug
1939,9,-0.162,11.957999999999998,Sep
1939,10,-0.057,9.203,Oct
1939,11,0.061,6.181,Nov
1939,12,1.305,4.975,Dec
1940,1,-0.304,2.3160000000000003,Jan
1940,2,0.19899999999999998,3.429,Feb
1940,3,0.107,5.437,Mar
1940,4,0.418,8.777999999999999,Apr
1940,5,-0.05,11.319999999999999,May
1940,6,0.063,13.593,Jun
1940,7,0.163,14.573,Jul
1940,8,-0.10300000000000001,13.827,Aug
1940,9,0.145,12.264999999999999,Sep
1940,10,0.179,9.439,Oct
1940,11,-0.026000000000000002,6.094,Nov
1940,12,0.47700000000000004,4.147,Dec
1941,1,0.125,2.745,Jan
1941,2,0.426,3.656,Feb
1941,3,-0.131,5.199,Mar
1941,4,0.215,8.575,Apr
1941,5,0.11,11.479999999999999,May
1941,6,0.087,13.616999999999999,Jun
1941,7,0.278,14.688,Jul
1941,8,0.102,14.032,Aug
1941,9,-0.309,11.811,Sep
1941,10,0.43799999999999994,9.698,Oct
1941,11,-0.183,5.937,Nov
1941,12,0.026000000000000002,3.6959999999999997,Dec
1942,1,0.47600000000000003,3.096,Jan
1942,2,-0.374,2.856,Feb
1942,3,-0.03,5.3,Mar
1942,4,0.059000000000000004,8.418999999999999,Apr
1942,5,-0.027999999999999997,11.341999999999999,May
1942,6,0.046,13.575999999999999,Jun
1942,7,-0.182,14.228,Jul
1942,8,-0.13699999999999998,13.793,Aug
1942,9,0.013999999999999999,12.133999999999999,Sep
1942,10,0.349,9.609,Oct
1942,11,0.256,6.376,Nov
1942,12,0.261,3.931,Dec
1943,1,-0.245,2.375,Jan
1943,2,0.265,3.495,Feb
1943,3,-0.21,5.12,Mar
1943,4,0.28800000000000003,8.648,Apr
1943,5,0.11199999999999999,11.482,May
1943,6,-0.37200000000000005,13.158,Jun
1943,7,0.042,14.452,Jul
1943,8,-0.155,13.775,Aug
1943,9,-0.024,12.096,Sep
1943,10,0.626,9.886,Oct
1943,11,0.099,6.219,Nov
1943,12,0.5489999999999999,4.218999999999999,Dec
1944,1,0.861,3.481,Jan
1944,2,0.35200000000000004,3.582,Feb
1944,3,0.166,5.496,Mar
1944,4,0.062,8.421999999999999,Apr
1944,5,-0.057999999999999996,11.312,May
1944,6,-0.068,13.462,Jun
1944,7,0.045,14.455,Jul
1944,8,0.086,14.016,Aug
1944,9,0.331,12.450999999999999,Sep
1944,10,0.5329999999999999,9.793,Oct
1944,11,-0.051,6.069,Nov
1944,12,-0.256,3.4139999999999997,Dec
1945,1,-0.121,2.499,Jan
1945,2,-0.612,2.618,Feb
1945,3,-0.179,5.151,Mar
1945,4,0.311,8.671,Apr
1945,5,-0.28,11.09,May
1945,6,-0.20800000000000002,13.322,Jun
1945,7,-0.214,14.196,Jul
1945,8,0.37799999999999995,14.308,Aug
1945,9,0.102,12.222,Sep
1945,10,0.303,9.563,Oct
1945,11,-0.075,6.045,Nov
1945,12,-0.537,3.133,Dec
1946,1,0.317,2.9370000000000003,Jan
1946,2,0.209,3.439,Feb
1946,3,-0.096,5.234,Mar
1946,4,0.48100000000000004,8.841,Apr
1946,5,-0.02,11.35,May
1946,6,-0.23800000000000002,13.292,Jun
1946,7,-0.002,14.408,Jul
1946,8,-0.09,13.84,Aug
1946,9,-0.057999999999999996,12.062,Sep
1946,10,0.011000000000000001,9.270999999999999,Oct
1946,11,0.10800000000000001,6.228,Nov
1946,12,-0.5479999999999999,3.122,Dec
1947,1,-0.052000000000000005,2.568,Jan
1947,2,0.042,3.272,Feb
1947,3,0.469,5.799,Mar
1947,4,0.341,8.700999999999999,Apr
1947,5,-0.036000000000000004,11.334,May
1947,6,-0.078,13.452,Jun
1947,7,-0.062,14.348,Jul
1947,8,-0.10400000000000001,13.826,Aug
1947,9,0.047,12.167,Sep
1947,10,0.7490000000000001,10.009,Oct
1947,11,0.264,6.384,Nov
1947,12,-0.013000000000000001,3.657,Dec
1948,1,0.733,3.353,Jan
1948,2,-0.027000000000000003,3.203,Feb
1948,3,-0.424,4.906,Mar
1948,4,0.153,8.513,Apr
1948,5,0.163,11.533,May
1948,6,0.129,13.658999999999999,Jun
1948,7,0.028999999999999998,14.439,Jul
1948,8,-0.024,13.906,Aug
1948,9,0.032,12.152,Sep
1948,10,0.318,9.578,Oct
1948,11,0.063,6.183,Nov
1948,12,-0.19399999999999998,3.476,Dec
1949,1,0.5770000000000001,3.197,Jan
1949,2,-0.493,2.737,Feb
1949,3,-0.267,5.063,Mar
1949,4,-0.013999999999999999,8.346,Apr
1949,5,-0.062,11.308,May
1949,6,-0.319,13.210999999999999,Jun
1949,7,-0.21600000000000003,14.194,Jul
1949,8,-0.095,13.834999999999999,Aug
1949,9,-0.163,11.956999999999999,Sep
1949,10,0.262,9.522,Oct
1949,11,0.018000000000000002,6.138,Nov
1949,12,-0.21899999999999997,3.451,Dec
1950,1,-0.629,1.991,Jan
1950,2,-0.53,2.7,Feb
1950,3,-0.102,5.228,Mar
1950,4,-0.251,8.109,Apr
1950,5,-0.078,11.292,May
1950,6,-0.16399999999999998,13.366,Jun
1950,7,-0.272,14.138,Jul
1950,8,-0.46299999999999997,13.467,Aug
1950,9,-0.163,11.956999999999999,Sep
1950,10,-0.115,9.145,Oct
1950,11,-0.759,5.361,Nov
1950,12,-0.129,3.541,Dec
1951,1,-0.499,2.121,Jan
1951,2,-0.915,2.315,Feb
1951,3,-0.255,5.075,Mar
1951,4,0.018000000000000002,8.378,Apr
1951,5,0.078,11.447999999999999,May
1951,6,-0.28300000000000003,13.247,Jun
1951,7,-0.087,14.323,Jul
1951,8,0.102,14.032,Aug
1951,9,0.225,12.344999999999999,Sep
1951,10,0.409,9.669,Oct
1951,11,0.105,6.2250000000000005,Nov
1951,12,0.6659999999999999,4.336,Dec
1952,1,0.431,3.051,Jan
1952,2,0.174,3.404,Feb
1952,3,-0.371,4.959,Mar
1952,4,0.107,8.466999999999999,Apr
1952,5,-0.018000000000000002,11.351999999999999,May
1952,6,-0.084,13.446,Jun
1952,7,0.145,14.555,Jul
1952,8,0.053,13.983,Aug
1952,9,0.135,12.254999999999999,Sep
1952,10,-0.10400000000000001,9.156,Oct
1952,11,-0.7040000000000001,5.416,Nov
1952,12,-0.008,3.662,Dec
1953,1,0.345,2.965,Jan
1953,2,0.409,3.639,Feb
1953,3,0.39,5.72,Mar
1953,4,0.5329999999999999,8.892999999999999,Apr
1953,5,0.151,11.520999999999999,May
1953,6,0.081,13.610999999999999,Jun
1953,7,-0.009000000000000001,14.401,Jul
1953,8,0.149,14.078999999999999,Aug
1953,9,0.11800000000000001,12.238,Sep
1953,10,0.33899999999999997,9.599,Oct
1953,11,-0.19,5.93,Nov
1953,12,0.332,4.002,Dec
1954,1,-0.584,2.036,Jan
1954,2,-0.192,3.038,Feb
1954,3,-0.191,5.139,Mar
1954,4,-0.19899999999999998,8.161,Apr
1954,5,-0.387,10.982999999999999,May
1954,6,-0.125,13.405,Jun
1954,7,-0.165,14.245000000000001,Jul
1954,8,-0.047,13.883,Aug
1954,9,-0.006999999999999999,12.113,Sep
1954,10,0.297,9.557,Oct
1954,11,0.47,6.59,Nov
1954,12,-0.11699999999999999,3.553,Dec
1955,1,0.797,3.4170000000000003,Jan
1955,2,-0.084,3.146,Feb
1955,3,-0.757,4.573,Mar
1955,4,-0.24,8.12,Apr
1955,5,-0.183,11.187,May
1955,6,0.021,13.551,Jun
1955,7,-0.179,14.231,Jul
1955,8,0.35200000000000004,14.282,Aug
1955,9,-0.14800000000000002,11.972,Sep
1955,10,0.473,9.733,Oct
1955,11,-0.145,5.9750000000000005,Nov
1955,12,-0.353,3.317,Dec
1956,1,-0.16,2.46,Jan
1956,2,-0.447,2.783,Feb
1956,3,-0.442,4.888,Mar
1956,4,-0.449,7.911,Apr
1956,5,-0.645,10.725,May
1956,6,-0.377,13.152999999999999,Jun
1956,7,-0.22899999999999998,14.181000000000001,Jul
1956,8,-0.74,13.19,Aug
1956,9,-0.321,11.799,Sep
1956,10,-0.331,8.929,Oct
1956,11,-0.37200000000000005,5.748,Nov
1956,12,-0.069,3.601,Dec
1957,1,-0.14400000000000002,2.476,Jan
1957,2,-0.121,3.109,Feb
1957,3,-0.289,5.041,Mar
1957,4,-0.003,8.357,Apr
1957,5,-0.11599999999999999,11.254,May
1957,6,0.251,13.780999999999999,Jun
1957,7,-0.282,14.128,Jul
1957,8,0.161,14.091,Aug
1957,9,0.19399999999999998,12.314,Sep
1957,10,0.23800000000000002,9.498,Oct
1957,11,0.28600000000000003,6.406000000000001,Nov
1957,12,0.6679999999999999,4.338,Dec
1958,1,0.9540000000000001,3.5740000000000003,Jan
1958,2,0.48100000000000004,3.711,Feb
1958,3,0.13,5.46,Mar
1958,4,0.151,8.511,Apr
1958,5,0.132,11.501999999999999,May
1958,6,-0.348,13.181999999999999,Jun
1958,7,0.024,14.434,Jul
1958,8,-0.32299999999999995,13.607,Aug
1958,9,-0.265,11.854999999999999,Sep
1958,10,0.11900000000000001,9.379,Oct
1958,11,0.15,6.2700000000000005,Nov
1958,12,0.16699999999999998,3.8369999999999997,Dec
1959,1,0.32299999999999995,2.943,Jan
1959,2,0.111,3.341,Feb
1959,3,0.528,5.8580000000000005,Mar
1959,4,0.451,8.811,Apr
1959,5,-0.061,11.309,May
1959,6,0.048,13.578,Jun
1959,7,0.037000000000000005,14.447000000000001,Jul
1959,8,-0.064,13.866,Aug
1959,9,-0.17,11.95,Sep
1959,10,-0.096,9.164,Oct
1959,11,-0.37,5.75,Nov
1959,12,0.105,3.775,Dec
1960,1,0.09300000000000001,2.713,Jan
1960,2,0.574,3.804,Feb
1960,3,-1.025,4.305,Mar
1960,4,-0.265,8.094999999999999,Apr
1960,5,-0.518,10.851999999999999,May
1960,6,-0.051,13.479,Jun
1960,7,-0.222,14.188,Jul
1960,8,-0.09699999999999999,13.833,Aug
1960,9,-0.022000000000000002,12.097999999999999,Sep
1960,10,0.22899999999999998,9.488999999999999,Oct
1960,11,-0.28800000000000003,5.832,Nov
1960,12,0.595,4.265,Dec
1961,1,0.31,2.93,Jan
1961,2,0.466,3.696,Feb
1961,3,0.263,5.593,Mar
1961,4,0.3,8.66,Apr
1961,5,0.24600000000000002,11.616,May
1961,6,0.174,13.703999999999999,Jun
1961,7,-0.121,14.289,Jul
1961,8,-0.062,13.868,Aug
1961,9,0.134,12.254,Sep
1961,10,0.057,9.317,Oct
1961,11,0.094,6.214,Nov
1961,12,-0.15,3.52,Dec
1962,1,0.375,2.995,Jan
1962,2,0.479,3.709,Feb
1962,3,0.201,5.531,Mar
1962,4,0.172,8.532,Apr
1962,5,-0.245,11.125,May
1962,6,-0.09,13.44,Jun
1962,7,-0.193,14.217,Jul
1962,8,-0.207,13.722999999999999,Aug
1962,9,-0.09,12.03,Sep
1962,10,0.195,9.455,Oct
1962,11,0.161,6.281,Nov
1962,12,0.282,3.952,Dec
1963,1,0.27699999999999997,2.8970000000000002,Jan
1963,2,0.81,4.04,Feb
1963,3,-0.225,5.105,Mar
1963,4,-0.201,8.158999999999999,Apr
1963,5,-0.336,11.033999999999999,May
1963,6,-0.11199999999999999,13.418,Jun
1963,7,0.106,14.516,Jul
1963,8,0.396,14.326,Aug
1963,9,0.452,12.572,Sep
1963,10,0.6920000000000001,9.952,Oct
1963,11,0.457,6.577,Nov
1963,12,0.09300000000000001,3.763,Dec
1964,1,0.265,2.8850000000000002,Jan
1964,2,-0.204,3.026,Feb
1964,3,-0.45399999999999996,4.876,Mar
1964,4,-0.439,7.920999999999999,Apr
1964,5,-0.47600000000000003,10.893999999999998,May
1964,6,-0.062,13.468,Jun
1964,7,-0.094,14.316,Jul
1964,8,-0.23,13.7,Aug
1964,9,-0.509,11.610999999999999,Sep
1964,10,-0.43,8.83,Oct
1964,11,-0.124,5.996,Nov
1964,12,-0.21,3.46,Dec
1965,1,0.24600000000000002,2.866,Jan
1965,2,-0.18899999999999997,3.041,Feb
1965,3,-0.158,5.172,Mar
1965,4,-0.375,7.984999999999999,Apr
1965,5,-0.157,11.213,May
1965,6,-0.217,13.312999999999999,Jun
1965,7,-0.325,14.085,Jul
1965,8,-0.1,13.83,Aug
1965,9,-0.376,11.744,Sep
1965,10,0.225,9.485,Oct
1965,11,-0.247,5.873,Nov
1965,12,0.105,3.775,Dec
1966,1,-0.126,2.494,Jan
1966,2,0.077,3.307,Feb
1966,3,0.19,5.5200000000000005,Mar
1966,4,-0.198,8.161999999999999,Apr
1966,5,-0.153,11.216999999999999,May
1966,6,0.039,13.568999999999999,Jun
1966,7,0.179,14.589,Jul
1966,8,-0.165,13.765,Aug
1966,9,0.038,12.158,Sep
1966,10,-0.102,9.158,Oct
1966,11,-0.15,5.97,Nov
1966,12,-0.27699999999999997,3.393,Dec
1967,1,0.085,2.705,Jan
1967,2,-0.32,2.91,Feb
1967,3,0.062,5.392,Mar
1967,4,0.067,8.427,Apr
1967,5,0.28800000000000003,11.658,May
1967,6,-0.317,13.213,Jun
1967,7,-0.048,14.362,Jul
1967,8,-0.10800000000000001,13.822,Aug
1967,9,-0.054000000000000006,12.065999999999999,Sep
1967,10,0.546,9.806,Oct
1967,11,0.055999999999999994,6.176,Nov
1967,12,0.264,3.934,Dec
1968,1,-0.252,2.3680000000000003,Jan
1968,2,0.017,3.247,Feb
1968,3,0.7909999999999999,6.121,Mar
1968,4,0.09300000000000001,8.453,Apr
1968,5,-0.35,11.02,May
1968,6,-0.289,13.241,Jun
1968,7,-0.415,13.995000000000001,Jul
1968,8,-0.418,13.512,Aug
1968,9,-0.529,11.591,Sep
1968,10,0.187,9.447,Oct
1968,11,-0.22399999999999998,5.896,Nov
1968,12,-0.42100000000000004,3.2489999999999997,Dec
1969,1,-0.6779999999999999,1.9420000000000002,Jan
1969,2,-0.797,2.433,Feb
1969,3,-0.247,5.083,Mar
1969,4,0.21,8.57,Apr
1969,5,-0.02,11.35,May
1969,6,-0.045,13.485,Jun
1969,7,-0.174,14.236,Jul
1969,8,-0.107,13.823,Aug
1969,9,-0.07400000000000001,12.046,Sep
1969,10,0.23,9.49,Oct
1969,11,0.307,6.4270000000000005,Nov
1969,12,0.541,4.211,Dec
1970,1,0.214,2.834,Jan
1970,2,0.523,3.753,Feb
1970,3,-0.055999999999999994,5.274,Mar
1970,4,0.245,8.604999999999999,Apr
1970,5,-0.159,11.210999999999999,May
1970,6,-0.004,13.526,Jun
1970,7,0.011000000000000001,14.421,Jul
1970,8,-0.252,13.677999999999999,Aug
1970,9,0.152,12.271999999999998,Sep
1970,10,0.096,9.356,Oct
1970,11,-0.057,6.063,Nov
1970,12,-0.146,3.524,Dec
1971,1,0.344,2.964,Jan
1971,2,-0.33799999999999997,2.892,Feb
1971,3,-0.32899999999999996,5.001,Mar
1971,4,-0.013999999999999999,8.346,Apr
1971,5,-0.15,11.219999999999999,May
1971,6,-0.426,13.104,Jun
1971,7,-0.265,14.145,Jul
1971,8,-0.047,13.883,Aug
1971,9,0.034,12.154,Sep
1971,10,0.138,9.398,Oct
1971,11,0.19399999999999998,6.314,Nov
1971,12,0.215,3.885,Dec
1972,1,-0.7340000000000001,1.8860000000000001,Jan
1972,2,-0.623,2.607,Feb
1972,3,-0.035,5.295,Mar
1972,4,-0.005,8.354999999999999,Apr
1972,5,-0.20800000000000002,11.161999999999999,May
1972,6,-0.008,13.522,Jun
1972,7,-0.159,14.251,Jul
1972,8,0.258,14.187999999999999,Aug
1972,9,-0.20199999999999999,11.918,Sep
1972,10,0.10099999999999999,9.361,Oct
1972,11,-0.294,5.8260000000000005,Nov
1972,12,0.115,3.785,Dec
1973,1,0.42200000000000004,3.0420000000000003,Jan
1973,2,0.6859999999999999,3.916,Feb
1973,3,0.475,5.805,Mar
1973,4,0.575,8.934999999999999,Apr
1973,5,0.39399999999999996,11.764,May
1973,6,0.299,13.828999999999999,Jun
1973,7,0.03,14.44,Jul
1973,8,-0.045,13.885,Aug
1973,9,-0.0,12.12,Sep
1973,10,0.342,9.602,Oct
1973,11,0.105,6.2250000000000005,Nov
1973,12,0.161,3.831,Dec
1974,1,-0.36,2.2600000000000002,Jan
1974,2,-0.638,2.592,Feb
1974,3,-0.131,5.199,Mar
1974,4,0.023,8.383,Apr
1974,5,-0.16399999999999998,11.206,May
1974,6,-0.141,13.389,Jun
1974,7,-0.115,14.295,Jul
1974,8,0.096,14.026,Aug
1974,9,-0.37200000000000005,11.748,Sep
1974,10,-0.162,9.097999999999999,Oct
1974,11,-0.19,5.93,Nov
1974,12,-0.126,3.544,Dec
1975,1,0.434,3.0540000000000003,Jan
1975,2,0.17600000000000002,3.406,Feb
1975,3,0.374,5.704,Mar
1975,4,0.221,8.581,Apr
1975,5,0.36200000000000004,11.732,May
1975,6,0.032,13.562,Jun
1975,7,-0.063,14.347,Jul
1975,8,-0.38799999999999996,13.542,Aug
1975,9,0.04,12.159999999999998,Sep
1975,10,0.051,9.311,Oct
1975,11,-0.22699999999999998,5.893,Nov
1975,12,-0.012,3.658,Dec
1976,1,0.262,2.882,Jan
1976,2,-0.192,3.038,Feb
1976,3,-0.816,4.514,Mar
1976,4,-0.069,8.290999999999999,Apr
1976,5,-0.426,10.943999999999999,May
1976,6,-0.44299999999999995,13.087,Jun
1976,7,-0.254,14.156,Jul
1976,8,-0.405,13.525,Aug
1976,9,-0.217,11.902999999999999,Sep
1976,10,-0.7490000000000001,8.511,Oct
1976,11,-0.452,5.668,Nov
1976,12,0.016,3.686,Dec
1977,1,-0.138,2.482,Jan
1977,2,0.247,3.477,Feb
1977,3,0.39899999999999997,5.729,Mar
1977,4,0.504,8.863999999999999,Apr
1977,5,0.45399999999999996,11.824,May
1977,6,0.354,13.883999999999999,Jun
1977,7,0.247,14.657,Jul
1977,8,0.187,14.116999999999999,Aug
1977,9,-0.23800000000000002,11.882,Sep
1977,10,-0.098,9.161999999999999,Oct
1977,11,0.43200000000000005,6.5520000000000005,Nov
1977,12,0.08900000000000001,3.759,Dec
1978,1,0.085,2.705,Jan
1978,2,0.22899999999999998,3.459,Feb
1978,3,0.264,5.594,Mar
1978,4,0.419,8.779,Apr
1978,5,0.042,11.411999999999999,May
1978,6,-0.305,13.225,Jun
1978,7,-0.027999999999999997,14.382,Jul
1978,8,-0.63,13.299999999999999,Aug
1978,9,-0.08199999999999999,12.037999999999998,Sep
1978,10,0.102,9.362,Oct
1978,11,0.24100000000000002,6.361,Nov
1978,12,0.08,3.75,Dec
1979,1,0.061,2.681,Jan
1979,2,-0.377,2.8529999999999998,Feb
1979,3,0.153,5.483,Mar
1979,4,0.085,8.445,Apr
1979,5,-0.149,11.221,May
1979,6,-0.022000000000000002,13.508,Jun
1979,7,-0.27399999999999997,14.136000000000001,Jul
1979,8,-0.095,13.834999999999999,Aug
1979,9,0.14300000000000002,12.263,Sep
1979,10,0.345,9.605,Oct
1979,11,0.185,6.305,Nov
1979,12,0.941,4.611,Dec
1980,1,0.33299999999999996,2.9530000000000003,Jan
1980,2,0.419,3.649,Feb
1980,3,0.035,5.365,Mar
1980,4,0.57,8.93,Apr
1980,5,0.413,11.783,May
1980,6,0.066,13.596,Jun
1980,7,0.344,14.754,Jul
1980,8,0.275,14.205,Aug
1980,9,0.21100000000000002,12.331,Sep
1980,10,0.299,9.559,Oct
1980,11,0.5820000000000001,6.702,Nov
1980,12,0.345,4.015,Dec
1981,1,1.189,3.809,Jan
1981,2,0.8140000000000001,4.0440000000000005,Feb
1981,3,0.905,6.235,Mar
1981,4,0.601,8.960999999999999,Apr
1981,5,0.195,11.565,May
1981,6,0.248,13.777999999999999,Jun
1981,7,0.354,14.764,Jul
1981,8,0.603,14.533,Aug
1981,9,0.13,12.25,Sep
1981,10,0.11900000000000001,9.379,Oct
1981,11,0.155,6.275,Nov
1981,12,0.858,4.528,Dec
1982,1,-0.063,2.557,Jan
1982,2,0.086,3.316,Feb
1982,3,-0.44799999999999995,4.882,Mar
1982,4,0.113,8.472999999999999,Apr
1982,5,-0.021,11.348999999999998,May
1982,6,-0.262,13.267999999999999,Jun
1982,7,0.14800000000000002,14.558,Jul
1982,8,-0.13,13.799999999999999,Aug
1982,9,-0.08800000000000001,12.032,Sep
1982,10,-0.021,9.238999999999999,Oct
1982,11,-0.142,5.978,Nov
1982,12,0.6759999999999999,4.346,Dec
1983,1,0.8590000000000001,3.479,Jan
1983,2,0.63,3.86,Feb
1983,3,0.389,5.719,Mar
1983,4,0.355,8.715,Apr
1983,5,0.37200000000000005,11.741999999999999,May
1983,6,-0.042,13.488,Jun
1983,7,-0.003,14.407,Jul
1983,8,0.375,14.305,Aug
1983,9,0.579,12.699,Sep
1983,10,0.217,9.477,Oct
1983,11,0.655,6.775,Nov
1983,12,0.161,3.831,Dec
1984,1,0.337,2.9570000000000003,Jan
1984,2,-0.13,3.1,Feb
1984,3,0.33799999999999997,5.668,Mar
1984,4,0.083,8.443,Apr
1984,5,0.632,12.001999999999999,May
1984,6,-0.128,13.402,Jun
1984,7,0.022000000000000002,14.432,Jul
1984,8,0.037000000000000005,13.967,Aug
1984,9,-0.102,12.017999999999999,Sep
1984,10,0.11699999999999999,9.376999999999999,Oct
1984,11,-0.301,5.819,Nov
1984,12,-0.489,3.181,Dec
1985,1,0.38799999999999996,3.008,Jan
1985,2,-0.509,2.721,Feb
1985,3,0.13699999999999998,5.467,Mar
1985,4,0.276,8.636,Apr
1985,5,0.068,11.437999999999999,May
1985,6,0.032,13.562,Jun
1985,7,-0.426,13.984,Jul
1985,8,0.146,14.076,Aug
1985,9,-0.153,11.966999999999999,Sep
1985,10,0.069,9.329,Oct
1985,11,-0.162,5.958,Nov
1985,12,0.114,3.784,Dec
1986,1,0.7020000000000001,3.322,Jan
1986,2,0.7929999999999999,4.023,Feb
1986,3,0.435,5.765,Mar
1986,4,0.499,8.859,Apr
1986,5,0.21899999999999997,11.588999999999999,May
1986,6,-0.08800000000000001,13.442,Jun
1986,7,-0.098,14.312,Jul
1986,8,0.066,13.996,Aug
1986,9,-0.28600000000000003,11.834,Sep
1986,10,0.036000000000000004,9.296,Oct
1986,11,-0.193,5.9270000000000005,Nov
1986,12,0.105,3.775,Dec
1987,1,0.536,3.156,Jan
1987,2,0.9309999999999999,4.161,Feb
1987,3,-0.085,5.245,Mar
1987,4,0.254,8.613999999999999,Apr
1987,5,0.16699999999999998,11.536999999999999,May
1987,6,0.414,13.943999999999999,Jun
1987,7,0.507,14.917,Jul
1987,8,-0.0,13.93,Aug
1987,9,0.354,12.473999999999998,Sep
1987,10,0.345,9.605,Oct
1987,11,-0.065,6.055,Nov
1987,12,0.846,4.516,Dec
1988,1,0.853,3.473,Jan
1988,2,0.222,3.452,Feb
1988,3,0.605,5.9350000000000005,Mar
1988,4,0.636,8.995999999999999,Apr
1988,5,0.494,11.863999999999999,May
1988,6,0.579,14.109,Jun
1988,7,0.361,14.771,Jul
1988,8,0.65,14.58,Aug
1988,9,0.581,12.700999999999999,Sep
1988,10,0.727,9.987,Oct
1988,11,0.17800000000000002,6.298,Nov
1988,12,0.7,4.37,Dec
1989,1,0.10400000000000001,2.724,Jan
1989,2,0.41700000000000004,3.6470000000000002,Feb
1989,3,0.474,5.804,Mar
1989,4,0.34,8.7,Apr
1989,5,-0.09,11.28,May
1989,6,-0.067,13.463,Jun
1989,7,0.21,14.620000000000001,Jul
1989,8,0.233,14.163,Aug
1989,9,0.278,12.398,Sep
1989,10,0.498,9.758,Oct
1989,11,0.07200000000000001,6.192,Nov
1989,12,0.7659999999999999,4.436,Dec
1990,1,0.635,3.255,Jan
1990,2,0.43700000000000006,3.667,Feb
1990,3,1.405,6.735,Mar
1990,4,0.812,9.171999999999999,Apr
1990,5,0.45799999999999996,11.828,May
1990,6,0.379,13.908999999999999,Jun
1990,7,0.396,14.806000000000001,Jul
1990,8,0.188,14.118,Aug
1990,9,0.115,12.235,Sep
1990,10,0.621,9.881,Oct
1990,11,0.8009999999999999,6.921,Nov
1990,12,0.769,4.439,Dec
1991,1,0.5920000000000001,3.212,Jan
1991,2,0.828,4.058,Feb
1991,3,0.24100000000000002,5.571,Mar
1991,4,0.85,9.209999999999999,Apr
1991,5,0.25,11.62,May
1991,6,0.752,14.282,Jun
1991,7,0.575,14.985,Jul
1991,8,0.401,14.331,Aug
1991,9,0.564,12.684,Sep
1991,10,0.493,9.753,Oct
1991,11,0.34600000000000003,6.466,Nov
1991,12,0.405,4.075,Dec
1992,1,0.966,3.5860000000000003,Jan
1992,2,0.716,3.9459999999999997,Feb
1992,3,0.623,5.953,Mar
1992,4,0.198,8.558,Apr
1992,5,0.16399999999999998,11.533999999999999,May
1992,6,0.051,13.581,Jun
1992,7,-0.265,14.145,Jul
1992,8,-0.141,13.789,Aug
1992,9,-0.44799999999999995,11.671999999999999,Sep
1992,10,0.1,9.36,Oct
1992,11,-0.23800000000000002,5.882,Nov
1992,12,0.429,4.099,Dec
1993,1,0.7,3.3200000000000003,Jan
1993,2,0.541,3.771,Feb
1993,3,0.603,5.933,Mar
1993,4,0.32,8.68,Apr
1993,5,0.115,11.485,May
1993,6,-0.019,13.511,Jun
1993,7,0.14800000000000002,14.558,Jul
1993,8,-0.069,13.860999999999999,Aug
1993,9,-0.174,11.946,Sep
1993,10,0.37,9.629999999999999,Oct
1993,11,-0.39899999999999997,5.721,Nov
1993,12,0.361,4.031,Dec
1994,1,0.374,2.994,Jan
1994,2,-0.42,2.81,Feb
1994,3,0.401,5.731,Mar
1994,4,0.649,9.009,Apr
1994,5,0.331,11.700999999999999,May
1994,6,0.618,14.148,Jun
1994,7,0.263,14.673,Jul
1994,8,0.066,13.996,Aug
1994,9,0.41700000000000004,12.536999999999999,Sep
1994,10,0.754,10.014,Oct
1994,11,0.6709999999999999,6.791,Nov
1994,12,0.46,4.13,Dec
1995,1,0.934,3.5540000000000003,Jan
1995,2,1.463,4.693,Feb
1995,3,0.639,5.969,Mar
1995,4,0.621,8.981,Apr
1995,5,0.18899999999999997,11.559,May
1995,6,0.6559999999999999,14.186,Jun
1995,7,0.726,15.136,Jul
1995,8,0.721,14.651,Aug
1995,9,0.469,12.588999999999999,Sep
1995,10,0.846,10.106,Oct
1995,11,0.6559999999999999,6.776,Nov
1995,12,0.46799999999999997,4.138,Dec
1996,1,0.24600000000000002,2.866,Jan
1996,2,0.775,4.005,Feb
1996,3,0.198,5.5280000000000005,Mar
1996,4,0.32899999999999996,8.689,Apr
1996,5,0.22699999999999998,11.597,May
1996,6,0.16,13.69,Jun
1996,7,0.43,14.84,Jul
1996,8,0.688,14.618,Aug
1996,9,0.185,12.305,Sep
1996,10,0.263,9.523,Oct
1996,11,0.431,6.551,Nov
1996,12,0.665,4.335,Dec
1997,1,0.5529999999999999,3.173,Jan
1997,2,0.556,3.786,Feb
1997,3,0.66,5.99,Mar
1997,4,0.5329999999999999,8.892999999999999,Apr
1997,5,0.226,11.596,May
1997,6,0.61,14.139999999999999,Jun
1997,7,0.14400000000000002,14.554,Jul
1997,8,0.336,14.266,Aug
1997,9,0.579,12.699,Sep
1997,10,0.853,10.113,Oct
1997,11,0.723,6.843,Nov
1997,12,0.759,4.429,Dec
1998,1,0.7340000000000001,3.354,Jan
1998,2,1.6130000000000002,4.843,Feb
1998,3,0.685,6.015000000000001,Mar
1998,4,1.0270000000000001,9.387,Apr
1998,5,0.929,12.299,May
1998,6,1.003,14.533,Jun
1998,7,0.927,15.337,Jul
1998,8,0.9690000000000001,14.899,Aug
1998,9,0.5539999999999999,12.674,Sep
1998,10,0.6859999999999999,9.946,Oct
1998,11,0.282,6.402,Nov
1998,12,1.006,4.676,Dec
1999,1,0.9309999999999999,3.551,Jan
1999,2,1.472,4.702,Feb
1999,3,0.205,5.535,Mar
1999,4,0.48,8.84,Apr
1999,5,0.33799999999999997,11.707999999999998,May
1999,6,0.505,14.035,Jun
1999,7,0.449,14.859,Jul
1999,8,0.431,14.360999999999999,Aug
1999,9,0.596,12.716,Sep
1999,10,0.732,9.991999999999999,Oct
1999,11,0.47600000000000003,6.596,Nov
1999,12,0.9079999999999999,4.577999999999999,Dec
2000,1,0.33799999999999997,2.958,Jan
2000,2,0.9640000000000001,4.194,Feb
2000,3,0.8909999999999999,6.221,Mar
2000,4,1.197,9.556999999999999,Apr
2000,5,0.503,11.873,May
2000,6,0.536,14.065999999999999,Jun
2000,7,0.43799999999999994,14.848,Jul
2000,8,0.603,14.533,Aug
2000,9,0.431,12.550999999999998,Sep
2000,10,0.214,9.474,Oct
2000,11,0.196,6.316,Nov
2000,12,0.19,3.86,Dec
2001,1,0.7120000000000001,3.3320000000000003,Jan
2001,2,0.505,3.735,Feb
2001,3,0.885,6.215,Mar
2001,4,0.885,9.245,Apr
2001,5,0.88,12.25,May
2001,6,0.563,14.093,Jun
2001,7,0.73,15.14,Jul
2001,8,0.505,14.435,Aug
2001,9,0.608,12.728,Sep
2001,10,0.662,9.922,Oct
2001,11,1.19,7.3100000000000005,Nov
2001,12,0.8370000000000001,4.507,Dec
2002,1,1.403,4.023,Jan
2002,2,1.483,4.713,Feb
2002,3,1.443,6.773,Mar
2002,4,0.871,9.231,Apr
2002,5,0.865,12.235,May
2002,6,0.535,14.065,Jun
2002,7,0.922,15.332,Jul
2002,8,0.637,14.567,Aug
2002,9,0.825,12.944999999999999,Sep
2002,10,0.716,9.975999999999999,Oct
2002,11,0.779,6.899,Nov
2002,12,0.373,4.043,Dec
2003,1,1.361,3.981,Jan
2003,2,0.87,4.1,Feb
2003,3,0.7190000000000001,6.049,Mar
2003,4,0.7979999999999999,9.158,Apr
2003,5,0.7759999999999999,12.145999999999999,May
2003,6,0.47600000000000003,14.006,Jun
2003,7,0.5589999999999999,14.969,Jul
2003,8,0.7659999999999999,14.696,Aug
2003,9,0.7959999999999999,12.915999999999999,Sep
2003,10,1.159,10.419,Oct
2003,11,0.5920000000000001,6.712,Nov
2003,12,1.47,5.14,Dec
2004,1,0.9079999999999999,3.528,Jan
2004,2,1.276,4.506,Feb
2004,3,0.9940000000000001,6.324,Mar
2004,4,0.885,9.245,Apr
2004,5,0.195,11.565,May
2004,6,0.354,13.883999999999999,Jun
2004,7,-0.105,14.305,Jul
2004,8,0.272,14.202,Aug
2004,9,0.524,12.643999999999998,Sep
2004,10,0.861,10.121,Oct
2004,11,1.192,7.312,Nov
2004,12,0.601,4.271,Dec
2005,1,1.183,3.803,Jan
2005,2,0.7,3.9299999999999997,Feb
2005,3,1.217,6.547000000000001,Mar
2005,4,1.261,9.620999999999999,Apr
2005,5,0.85,12.219999999999999,May
2005,6,0.9259999999999999,14.456,Jun
2005,7,0.768,15.178,Jul
2005,8,0.603,14.533,Aug
2005,9,1.102,13.222,Sep
2005,10,1.3430000000000002,10.603,Oct
2005,11,1.297,7.417,Nov
2005,12,1.209,4.879,Dec
2006,1,0.655,3.2750000000000004,Jan
2006,2,1.196,4.426,Feb
2006,3,0.995,6.325,Mar
2006,4,0.677,9.036999999999999,Apr
2006,5,0.39899999999999997,11.768999999999998,May
2006,6,0.895,14.424999999999999,Jun
2006,7,0.627,15.037,Jul
2006,8,0.97,14.9,Aug
2006,9,0.7509999999999999,12.870999999999999,Sep
2006,10,1.0270000000000001,10.286999999999999,Oct
2006,11,0.83,6.95,Nov
2006,12,1.318,4.9879999999999995,Dec
2007,1,1.949,4.569,Jan
2007,2,0.996,4.226,Feb
2007,3,1.158,6.4879999999999995,Mar
2007,4,1.4580000000000002,9.818,Apr
2007,5,1.139,12.508999999999999,May
2007,6,0.7609999999999999,14.290999999999999,Jun
2007,7,0.797,15.207,Jul
2007,8,0.8320000000000001,14.762,Aug
2007,9,0.82,12.94,Sep
2007,10,1.081,10.341,Oct
2007,11,0.956,7.0760000000000005,Nov
2007,12,0.848,4.518,Dec
2008,1,0.21100000000000002,2.831,Jan
2008,2,0.35,3.58,Feb
2008,3,1.575,6.905,Mar
2008,4,0.919,9.279,Apr
2008,5,0.665,12.035,May
2008,6,0.61,14.139999999999999,Jun
2008,7,0.755,15.165000000000001,Jul
2008,8,0.44799999999999995,14.378,Aug
2008,9,0.688,12.808,Sep
2008,10,1.128,10.388,Oct
2008,11,1.0959999999999999,7.216,Nov
2008,12,0.7070000000000001,4.377,Dec
2009,1,1.0659999999999998,3.686,Jan
2009,2,0.875,4.105,Feb
2009,3,0.738,6.068,Mar
2009,4,0.9620000000000001,9.322,Apr
2009,5,0.7290000000000001,12.099,May
2009,6,0.6509999999999999,14.181,Jun
2009,7,0.805,15.215,Jul
2009,8,0.732,14.661999999999999,Aug
2009,9,1.036,13.155999999999999,Sep
2009,10,0.856,10.116,Oct
2009,11,0.904,7.024,Nov
2009,12,0.633,4.303,Dec
2010,1,1.1179999999999999,3.738,Jan
2010,2,1.182,4.412,Feb
2010,3,1.4080000000000001,6.738,Mar
2010,4,1.301,9.661,Apr
2010,5,1.03,12.399999999999999,May
2010,6,0.857,14.386999999999999,Jun
2010,7,0.7929999999999999,15.203,Jul
2010,8,0.8540000000000001,14.783999999999999,Aug
2010,9,0.755,12.875,Sep
2010,10,1.18,10.44,Oct
2010,11,1.3519999999999999,7.4719999999999995,Nov
2010,12,0.63,4.3,Dec
2011,1,0.6629999999999999,3.283,Jan
2011,2,0.531,3.761,Feb
2011,3,0.779,6.109,Mar
2011,4,1.122,9.482,Apr
2011,5,0.612,11.982,May
2011,6,0.833,14.363,Jun
2011,7,1.057,15.467,Jul
2011,8,1.081,15.011,Aug
2011,9,0.802,12.921999999999999,Sep
2011,10,1.081,10.341,Oct
2011,11,0.684,6.804,Nov
2011,12,0.975,4.645,Dec
2012,1,0.529,3.149,Jan
2012,2,0.40299999999999997,3.633,Feb
2012,3,0.69,6.02,Mar
2012,4,1.317,9.677,Apr
2012,5,1.217,12.587,May
2012,6,0.9540000000000001,14.484,Jun
2012,7,0.643,15.053,Jul
2012,8,0.792,14.722,Aug
2012,9,0.922,13.042,Sep
2012,10,1.1520000000000001,10.411999999999999,Oct
2012,11,1.021,7.141,Nov
2012,12,0.42700000000000005,4.0969999999999995,Dec
2013,1,1.0590000000000002,3.6790000000000003,Jan
2013,2,1.001,4.231,Feb
2013,3,0.9279999999999999,6.258,Mar
2013,4,0.6940000000000001,9.054,Apr
2013,5,0.8220000000000001,12.192,May
2013,6,1.0270000000000001,14.556999999999999,Jun
2013,7,0.569,14.979,Jul
2013,8,0.8220000000000001,14.751999999999999,Aug
2013,9,1.0270000000000001,13.146999999999998,Sep
2013,10,0.976,10.236,Oct
2013,11,1.301,7.421,Nov
2013,12,1.023,4.693,Dec
2014,1,1.11,3.7300000000000004,Jan
2014,2,0.27899999999999997,3.509,Feb
2014,3,1.048,6.378,Mar
2014,4,1.227,9.587,Apr
2014,5,1.189,12.559,May
2014,6,0.7909999999999999,14.321,Jun
2014,7,0.449,14.859,Jul
2014,8,0.961,14.891,Aug
2014,9,0.973,13.093,Sep
2014,10,1.056,10.315999999999999,Oct
2014,11,0.569,6.689,Nov
2014,12,1.1740000000000002,4.844,Dec
2015,1,1.2570000000000001,3.8770000000000002,Jan
2015,2,1.439,4.6690000000000005,Feb
2015,3,1.425,6.755,Mar
2015,4,0.955,9.315,Apr
2015,5,0.9690000000000001,12.338999999999999,May
2015,6,0.963,14.492999999999999,Jun
2015,7,0.622,15.032,Jul
2015,8,0.835,14.765,Aug
2015,9,0.861,12.981,Sep
2015,10,1.4909999999999999,10.751,Oct
2015,11,1.2819999999999998,7.402,Nov
2015,12,1.784,5.454,Dec
2016,1,1.577,4.197,Jan
2016,2,2.162,5.3919999999999995,Feb
2016,3,2.136,7.466,Mar
2016,4,1.805,10.165,Apr
2016,5,1.238,12.607999999999999,May
2016,6,0.8340000000000001,14.363999999999999,Jun
2016,7,0.887,15.297,Jul
2016,8,1.369,15.299,Aug
2016,9,1.01,13.129999999999999,Sep
2016,10,0.997,10.257,Oct
2016,11,1.045,7.165,Nov
2016,12,1.2209999999999999,4.891,Dec
2017,1,1.52,4.140000000000001,Jan
2017,2,1.719,4.949,Feb
2017,3,1.808,7.138,Mar
2017,4,1.252,9.612,Apr
2017,5,1.172,12.542,May
2017,6,0.7979999999999999,14.328,Jun
2017,7,0.9440000000000001,15.354000000000001,Jul
